incident_id,type,category,area,latitude,longitude,date,time,severity
INC00001,burglary,crime,Karen,-1.323936,36.712529,2026-07-09,08:15,Medium
INC00002,medical_emergency,medical,Kayole,-1.283126,36.916653,2026-04-19,01:01,Medium
INC00003,accident,medical,Kasarani,-1.226215,36.906189,2026-04-18,07:28,Low
INC00004,flood,hazard,Eastleigh,-1.284694,36.85827,2026-03-29,08:09,Low
INC00005,robbery,crime,Thika,-1.04471,37.079869,2026-04-02,11:38,Low
INC00006,flood,hazard,Karen,-1.311812,36.71017,2026-01-21,17:18,High
INC00007,robbery,crime,Kasarani,-1.222539,36.909704,2026-01-12,21:14,High
INC00008,flood,hazard,Karen,-1.311718,36.701053,2026-03-13,14:40,Low
INC00009,robbery,crime,Umoja,-1.285317,36.890896,2026-06-05,20:10,Low
INC00010,accident,medical,Umoja,-1.279143,36.90152,2026-02-26,21:20,Low
INC00011,suspicious_activity,crime,Kibera,-1.31908,36.790858,2026-04-13,08:04,High
INC00012,assault,crime,Embakasi,-1.310306,36.896857,2026-06-17,15:25,Low
INC00013,assault,crime,Westlands,-1.273245,36.812692,2026-07-10,17:34,High
INC00014,suspicious_activity,crime,Thika,-1.04013,37.094116,2026-02-26,04:32,High
INC00015,theft,crime,Westlands,-1.266572,36.808695,2026-07-22,21:27,Medium
INC00016,accident,medical,Kawangware,-1.274151,36.753606,2026-03-06,17:55,Low
INC00017,suspicious_activity,crime,Umoja,-1.292837,36.886065,2026-01-29,09:27,Medium
INC00018,accident,medical,Umoja,-1.277747,36.90341,2026-07-15,05:32,Low
INC00019,theft,crime,Kasarani,-1.21893,36.908449,2026-04-06,05:34,High
INC00020,fire,hazard,Embakasi,-1.32074,36.903706,2026-01-05,03:59,Medium
INC00021,burglary,crime,Langata,-1.353287,36.76172,2026-03-03,18:05,Low
INC00022,theft,crime,Westlands,-1.275197,36.811553,2026-06-18,15:35,Medium
INC00023,accident,medical,Kasarani,-1.233977,36.896234,2026-07-13,23:44,High
INC00024,fire,hazard,Ruiru,-1.15658,36.951494,2026-08-19,16:28,Low
INC00025,medical_emergency,medical,Langata,-1.340843,36.753177,2026-02-26,00:04,Low
INC00026,suspicious_activity,crime,Kibera,-1.31773,36.781708,2026-01-19,16:15,Medium
INC00027,assault,crime,Githurai,-1.207859,36.895887,2026-07-20,15:51,Medium
INC00028,flood,hazard,Ruiru,-1.144418,36.960467,2026-04-16,14:55,High
INC00029,burglary,crime,Karen,-1.312388,36.699985,2026-04-14,23:21,Low
INC00030,theft,crime,Kawangware,-1.283747,36.75749,2026-04-19,05:17,Low
INC00031,burglary,crime,Karen,-1.328105,36.699665,2026-06-16,17:53,Medium
INC00032,theft,crime,Langata,-1.350725,36.760021,2026-04-15,15:30,Low
INC00033,burglary,crime,Thika,-1.034319,37.0881,2026-04-10,08:59,Low
INC00034,theft,crime,Githurai,-1.196626,36.905584,2026-02-18,09:13,Medium
INC00035,burglary,crime,Embakasi,-1.317943,36.901054,2026-01-13,18:30,Low
INC00036,theft,crime,Kayole,-1.271496,36.916704,2026-01-18,19:04,Low
INC00037,medical_emergency,medical,Langata,-1.35336,36.765147,2026-06-02,01:39,Medium
INC00038,vandalism,crime,Embakasi,-1.321716,36.889312,2026-02-22,21:45,Low
INC00039,fire,hazard,Donholm,-1.299834,36.897969,2026-03-22,02:00,High
INC00040,accident,medical,Kayole,-1.282351,36.91898,2026-02-24,16:16,Low
INC00041,suspicious_activity,crime,Langata,-1.338325,36.766071,2026-03-14,05:28,Medium
INC00042,accident,medical,CBD,-1.277621,36.809886,2026-03-18,21:06,Low
INC00043,accident,medical,Karen,-1.316303,36.712152,2026-02-09,08:18,Low
INC00044,accident,medical,Umoja,-1.277837,36.887016,2026-05-06,08:57,Medium
INC00045,burglary,crime,Umoja,-1.293384,36.905596,2026-01-01,10:49,Low
INC00046,accident,medical,Kawangware,-1.292807,36.741505,2026-06-30,13:35,High
INC00047,accident,medical,Westlands,-1.267449,36.809596,2026-01-10,11:37,Low
INC00048,burglary,crime,Ruiru,-1.145359,36.960339,2026-08-19,11:13,Low
INC00049,medical_emergency,medical,Ngong,-1.351402,36.662292,2026-07-11,04:59,High
INC00050,flood,hazard,Eastleigh,-1.27051,36.858648,2026-01-07,05:47,Low
INC00051,vandalism,crime,Langata,-1.347349,36.752774,2026-02-10,22:06,Low
INC00052,fire,hazard,Kasarani,-1.222093,36.894552,2026-03-31,09:52,Low
INC00053,flood,hazard,Kasarani,-1.236612,36.905467,2026-03-26,08:55,Low
INC00054,accident,medical,Thika,-1.032459,37.084224,2026-03-26,00:07,Medium
INC00055,burglary,crime,Umoja,-1.289086,36.901729,2026-01-28,19:27,Low
INC00056,flood,hazard,Karen,-1.323306,36.711976,2026-08-19,18:12,Low
INC00057,suspicious_activity,crime,Kasarani,-1.219585,36.902463,2026-04-21,02:42,Medium
INC00058,vandalism,crime,Karen,-1.320232,36.705848,2026-05-10,09:42,Low
INC00059,assault,crime,Westlands,-1.264954,36.819056,2026-04-18,21:24,Medium
INC00060,flood,hazard,Donholm,-1.303262,36.886598,2026-05-21,00:19,Medium
INC00061,fire,hazard,Embakasi,-1.323726,36.893464,2026-04-24,14:43,High
INC00062,robbery,crime,Eastleigh,-1.276341,36.849704,2026-03-14,16:42,Medium
INC00063,vandalism,crime,Langata,-1.354511,36.756897,2026-02-27,06:09,Low
INC00064,fire,hazard,Kayole,-1.281111,36.925927,2026-04-17,20:36,Low
INC00065,theft,crime,Langata,-1.337147,36.769209,2026-06-17,22:00,High
INC00066,assault,crime,Ngong,-1.360709,36.656148,2026-02-15,22:33,High
INC00067,fire,hazard,Karen,-1.317777,36.708979,2026-02-04,14:42,Low
INC00068,medical_emergency,medical,Kawangware,-1.282904,36.756611,2026-07-28,23:57,Medium
INC00069,fire,hazard,Eastleigh,-1.284055,36.855753,2026-04-26,08:48,Medium
INC00070,assault,crime,Githurai,-1.201729,36.89869,2026-03-12,14:04,Low
INC00071,theft,crime,Kayole,-1.271121,36.926128,2026-02-08,07:24,Low
INC00072,suspicious_activity,crime,Ngong,-1.368755,36.661658,2026-05-19,14:26,Low
INC00073,medical_emergency,medical,CBD,-1.277545,36.813172,2026-04-08,15:00,Low
INC00074,accident,medical,Ngong,-1.354003,36.662956,2026-07-11,23:34,Low
INC00075,flood,hazard,Umoja,-1.289277,36.899583,2026-05-05,00:24,Low
INC00076,fire,hazard,Eastleigh,-1.278318,36.861139,2026-08-24,04:39,Medium
INC00077,robbery,crime,CBD,-1.279063,36.810835,2026-06-14,13:08,Low
INC00078,assault,crime,Embakasi,-1.312775,36.891583,2026-04-27,10:21,Medium
INC00079,vandalism,crime,Ngong,-1.369612,36.655788,2026-08-02,02:30,High
INC00080,assault,crime,Ruiru,-1.139854,36.947805,2026-06-16,02:49,Low
INC00081,assault,crime,Langata,-1.351952,36.754524,2026-08-03,00:39,Medium
INC00082,fire,hazard,Kasarani,-1.230622,36.902118,2026-06-29,08:49,High
INC00083,theft,crime,Karen,-1.327886,36.704039,2026-03-21,03:37,Medium
INC00084,flood,hazard,Thika,-1.038158,37.095611,2026-07-03,06:04,Low
INC00085,medical_emergency,medical,Donholm,-1.289323,36.893653,2026-07-26,03:50,Low
INC00086,suspicious_activity,crime,Ngong,-1.363175,36.661992,2026-01-18,16:41,Medium
INC00087,flood,hazard,Karen,-1.311826,36.711946,2026-04-03,20:57,Low
INC00088,medical_emergency,medical,Umoja,-1.28633,36.894711,2026-07-26,17:49,Medium
INC00089,suspicious_activity,crime,Umoja,-1.277308,36.891579,2026-08-07,07:53,Low
INC00090,medical_emergency,medical,Kawangware,-1.286272,36.749886,2026-06-06,21:24,Low
INC00091,assault,crime,Githurai,-1.210407,36.905923,2026-04-01,08:21,High
INC00092,accident,medical,CBD,-1.281999,36.816972,2026-02-18,02:15,Medium
INC00093,fire,hazard,Githurai,-1.210115,36.902088,2026-04-25,00:05,Low
INC00094,fire,hazard,Ruiru,-1.15049,36.961919,2026-05-22,16:22,Low
INC00095,vandalism,crime,Kawangware,-1.290587,36.743852,2026-03-20,08:14,Low
INC00096,assault,crime,Eastleigh,-1.28347,36.854792,2026-02-25,23:30,Medium
INC00097,robbery,crime,Donholm,-1.30445,36.881589,2026-08-02,06:18,Low
INC00098,vandalism,crime,Westlands,-1.272657,36.819882,2026-01-12,01:35,Medium
INC00099,robbery,crime,Githurai,-1.210313,36.903574,2026-08-12,00:36,Low
INC00100,vandalism,crime,Kibera,-1.306858,36.780014,2026-08-29,15:07,Low
INC00101,theft,crime,Kibera,-1.321596,36.776964,2026-02-08,18:19,Medium
INC00102,medical_emergency,medical,Ngong,-1.354486,36.652608,2026-06-02,19:14,High
INC00103,medical_emergency,medical,Donholm,-1.296579,36.890193,2026-04-20,09:36,Medium
INC00104,assault,crime,Kasarani,-1.234859,36.893476,2026-03-09,21:05,Low
INC00105,flood,hazard,CBD,-1.287002,36.807853,2026-04-26,22:38,Low
INC00106,fire,hazard,Donholm,-1.290522,36.893757,2026-01-19,21:14,Medium
INC00107,flood,hazard,Kasarani,-1.225047,36.908168,2026-01-30,17:14,Medium
INC00108,burglary,crime,Kayole,-1.270021,36.923384,2026-02-12,09:38,Low
INC00109,fire,hazard,Karen,-1.32035,36.703245,2026-06-26,09:44,Medium
INC00110,robbery,crime,Kawangware,-1.284359,36.746446,2026-06-03,01:56,Low
INC00111,assault,crime,Kayole,-1.265984,36.931991,2026-06-22,18:37,Medium
INC00112,medical_emergency,medical,Umoja,-1.285621,36.894845,2026-01-11,05:30,Low
INC00113,fire,hazard,Ngong,-1.361833,36.651421,2026-01-24,15:22,Low
INC00114,suspicious_activity,crime,Eastleigh,-1.283236,36.861904,2026-04-16,22:31,Medium
INC00115,fire,hazard,Kibera,-1.316835,36.791404,2026-01-23,10:16,Low
INC00116,accident,medical,CBD,-1.292648,36.814436,2026-04-29,13:03,Medium
INC00117,burglary,crime,Kawangware,-1.29038,36.745761,2026-02-22,08:35,High
INC00118,robbery,crime,Githurai,-1.200014,36.908196,2026-01-08,20:38,Low
INC00119,accident,medical,CBD,-1.276555,36.825459,2026-04-15,02:14,Low
INC00120,theft,crime,Karen,-1.318223,36.703268,2026-05-08,22:18,Medium
INC00121,assault,crime,Githurai,-1.208328,36.912437,2026-04-27,17:09,Medium
INC00122,robbery,crime,Westlands,-1.259815,36.811155,2026-03-12,13:21,Medium
INC00123,vandalism,crime,Donholm,-1.289022,36.887793,2026-08-03,18:37,Low
INC00124,suspicious_activity,crime,Githurai,-1.205131,36.903107,2026-03-27,17:48,Low
INC00125,assault,crime,Kasarani,-1.22088,36.898216,2026-05-27,12:14,Low
INC00126,flood,hazard,Githurai,-1.199585,36.913616,2026-04-09,21:50,Low
INC00127,theft,crime,Kibera,-1.305906,36.789484,2026-05-09,18:21,Low
INC00128,burglary,crime,Kawangware,-1.275581,36.759399,2026-07-04,04:26,Low
INC00129,suspicious_activity,crime,Umoja,-1.283003,36.903035,2026-06-09,22:25,High
INC00130,suspicious_activity,crime,Thika,-1.034812,37.096448,2026-06-10,22:56,Low
INC00131,assault,crime,Kayole,-1.279252,36.91655,2026-06-11,21:58,Low
INC00132,robbery,crime,Karen,-1.322411,36.698379,2026-04-24,05:44,Low
INC00133,vandalism,crime,Kibera,-1.320389,36.782623,2026-04-02,11:27,Medium
INC00134,theft,crime,Eastleigh,-1.271583,36.855394,2026-02-14,02:39,Low
INC00135,assault,crime,Westlands,-1.269309,36.814337,2026-04-29,20:16,High
INC00136,vandalism,crime,Kawangware,-1.291523,36.758905,2026-06-23,17:10,High
INC00137,flood,hazard,Donholm,-1.292094,36.881984,2026-06-26,08:29,Low
INC00138,robbery,crime,Githurai,-1.208821,36.899917,2026-03-02,12:36,Medium
INC00139,flood,hazard,CBD,-1.279099,36.822766,2026-03-12,00:36,High
INC00140,vandalism,crime,Githurai,-1.199961,36.89838,2026-07-18,07:38,Low
INC00141,theft,crime,Umoja,-1.283451,36.886788,2026-06-10,03:57,Medium
INC00142,medical_emergency,medical,Kibera,-1.321497,36.777902,2026-04-04,23:08,Medium
INC00143,assault,crime,Eastleigh,-1.26957,36.853617,2026-02-03,17:56,High
INC00144,vandalism,crime,Eastleigh,-1.283097,36.860408,2026-08-22,15:51,Medium
INC00145,robbery,crime,Kawangware,-1.279474,36.753488,2026-02-06,07:55,Low
INC00146,robbery,crime,Ruiru,-1.153711,36.949472,2026-07-22,12:00,Low
INC00147,medical_emergency,medical,Umoja,-1.293833,36.890676,2026-04-08,20:23,Low
INC00148,medical_emergency,medical,Embakasi,-1.315292,36.893285,2026-02-26,20:04,Medium
INC00149,robbery,crime,Ngong,-1.363913,36.654852,2026-02-05,01:02,Low
INC00150,flood,hazard,Westlands,-1.259512,36.81493,2026-04-27,11:42,Medium
INC00151,flood,hazard,Westlands,-1.268713,36.809162,2026-06-17,03:53,High
INC00152,suspicious_activity,crime,Kibera,-1.304289,36.789109,2026-02-25,14:28,Low
INC00153,accident,medical,Ruiru,-1.157789,36.952518,2026-08-19,20:22,High
INC00154,robbery,crime,Kawangware,-1.28021,36.759422,2026-06-19,06:41,Low
INC00155,assault,crime,Embakasi,-1.326628,36.899303,2026-02-02,18:13,Low
INC00156,assault,crime,Kasarani,-1.219989,36.890057,2026-03-26,04:50,High
INC00157,theft,crime,Westlands,-1.27501,36.814221,2026-05-19,08:51,Low
INC00158,suspicious_activity,crime,CBD,-1.289925,36.810685,2026-07-22,07:37,Low
INC00159,accident,medical,Ngong,-1.360475,36.66056,2026-01-30,23:04,Medium
INC00160,fire,hazard,Karen,-1.327533,36.713465,2026-05-09,07:39,High
INC00161,fire,hazard,Donholm,-1.289028,36.894946,2026-06-14,00:03,Low
INC00162,fire,hazard,Karen,-1.310415,36.704242,2026-07-02,14:04,Low
INC00163,vandalism,crime,Westlands,-1.267533,36.807504,2026-06-09,20:37,High
INC00164,fire,hazard,Donholm,-1.307016,36.892036,2026-05-10,19:27,High
INC00165,flood,hazard,Kasarani,-1.231221,36.89907,2026-04-26,07:26,Low
INC00166,suspicious_activity,crime,Karen,-1.323302,36.716872,2026-04-20,10:42,Medium
INC00167,robbery,crime,Githurai,-1.207362,36.908892,2026-01-24,02:05,Low
INC00168,accident,medical,Westlands,-1.267266,36.8144,2026-01-16,18:35,Low
INC00169,burglary,crime,Ngong,-1.362967,36.656558,2026-03-15,19:19,Low
INC00170,assault,crime,Githurai,-1.199093,36.901351,2026-08-05,03:22,Medium
INC00171,flood,hazard,Langata,-1.338631,36.764271,2026-08-05,17:49,Medium
INC00172,medical_emergency,medical,CBD,-1.282531,36.807779,2026-08-26,21:53,Low
INC00173,suspicious_activity,crime,Donholm,-1.291603,36.889326,2026-03-31,00:11,Low
INC00174,burglary,crime,Westlands,-1.274197,36.809397,2026-01-24,23:33,Low
INC00175,vandalism,crime,Ruiru,-1.140172,36.958924,2026-07-04,10:49,High
INC00176,theft,crime,Westlands,-1.265021,36.806442,2026-07-13,19:03,Medium
INC00177,medical_emergency,medical,Githurai,-1.211689,36.904247,2026-04-24,13:17,Low
INC00178,vandalism,crime,Karen,-1.318667,36.711143,2026-06-23,21:37,Low
INC00179,medical_emergency,medical,Thika,-1.043972,37.083225,2026-01-15,00:13,Low
INC00180,vandalism,crime,Umoja,-1.286052,36.894613,2026-03-25,03:00,Low
INC00181,accident,medical,Langata,-1.347917,36.759941,2026-05-24,21:51,Medium
INC00182,burglary,crime,Ngong,-1.363739,36.653586,2026-04-28,02:55,Low
INC00183,vandalism,crime,Ngong,-1.350676,36.648437,2026-01-30,12:01,High
INC00184,suspicious_activity,crime,Kawangware,-1.290883,36.748714,2026-01-23,13:54,Low
INC00185,flood,hazard,Kayole,-1.27821,36.918661,2026-08-11,09:47,Low
INC00186,accident,medical,Karen,-1.312875,36.704822,2026-05-11,06:57,High
INC00187,assault,crime,Westlands,-1.274555,36.813048,2026-01-27,04:16,Medium
INC00188,theft,crime,Kayole,-1.275721,36.923275,2026-07-17,20:31,Medium
INC00189,suspicious_activity,crime,Embakasi,-1.318622,36.896628,2026-02-08,14:04,Medium
INC00190,suspicious_activity,crime,Kibera,-1.314065,36.772752,2026-05-10,02:19,Low
INC00191,robbery,crime,Donholm,-1.297118,36.88569,2026-06-15,02:39,Medium
INC00192,fire,hazard,Kibera,-1.319535,36.7841,2026-08-21,18:41,Medium
INC00193,fire,hazard,Kibera,-1.321613,36.784923,2026-01-27,10:45,Low
INC00194,fire,hazard,Kawangware,-1.289825,36.747457,2026-05-15,16:39,Low
INC00195,suspicious_activity,crime,Ngong,-1.354215,36.657946,2026-06-23,19:03,Low
INC00196,accident,medical,Karen,-1.32336,36.714831,2026-06-23,12:18,High
INC00197,suspicious_activity,crime,Westlands,-1.275671,36.807996,2026-01-21,18:42,High
INC00198,theft,crime,Thika,-1.043808,37.086534,2026-06-02,22:05,Medium
INC00199,accident,medical,Westlands,-1.270032,36.808237,2026-01-24,20:42,Low
INC00200,assault,crime,Eastleigh,-1.284469,36.845751,2026-03-29,15:12,Low
INC00201,accident,medical,Karen,-1.313627,36.708331,2026-07-17,17:53,Medium
INC00202,medical_emergency,medical,Westlands,-1.274883,36.814857,2026-04-07,04:10,Medium
INC00203,fire,hazard,Eastleigh,-1.275473,36.847751,2026-01-12,13:23,Low
INC00204,fire,hazard,Donholm,-1.302811,36.894172,2026-03-01,17:15,Low
INC00205,suspicious_activity,crime,Kasarani,-1.228766,36.895635,2026-06-23,18:28,Low
INC00206,theft,crime,Ngong,-1.357907,36.66246,2026-07-29,06:51,Low
INC00207,suspicious_activity,crime,Githurai,-1.199082,36.911023,2026-05-22,03:45,Low
INC00208,vandalism,crime,Eastleigh,-1.272379,36.844834,2026-04-26,16:09,High
INC00209,suspicious_activity,crime,Kawangware,-1.291935,36.75004,2026-08-27,00:26,Low
INC00210,suspicious_activity,crime,Kayole,-1.266383,36.928784,2026-02-27,00:20,Medium
INC00211,theft,crime,Westlands,-1.261905,36.814921,2026-01-10,09:58,Low
INC00212,fire,hazard,Githurai,-1.214415,36.899118,2026-06-07,00:57,Medium
INC00213,robbery,crime,Ngong,-1.363977,36.645955,2026-07-18,09:15,Low
INC00214,robbery,crime,Kawangware,-1.282279,36.752639,2026-01-29,15:38,Medium
INC00215,vandalism,crime,Westlands,-1.271444,36.812413,2026-04-20,00:39,Low
INC00216,accident,medical,Kayole,-1.274118,36.927728,2026-04-03,02:33,Medium
INC00217,flood,hazard,CBD,-1.283687,36.826821,2026-08-12,15:02,Low
INC00218,suspicious_activity,crime,CBD,-1.291577,36.820342,2026-07-21,02:22,Low
INC00219,theft,crime,Embakasi,-1.321229,36.896856,2026-01-12,11:34,Medium
INC00220,fire,hazard,Kawangware,-1.290303,36.754321,2026-06-11,05:51,High
INC00221,vandalism,crime,Kibera,-1.319311,36.772838,2026-02-21,01:50,High
INC00222,accident,medical,Thika,-1.034934,37.082822,2026-05-02,08:02,Low
INC00223,suspicious_activity,crime,Kibera,-1.31594,36.78979,2026-03-11,03:51,Medium
INC00224,suspicious_activity,crime,Thika,-1.04005,37.097486,2026-02-17,15:44,Medium
INC00225,flood,hazard,Kayole,-1.265098,36.915609,2026-01-21,13:38,Low
INC00226,robbery,crime,Karen,-1.32227,36.709852,2026-03-25,21:18,Low
INC00227,suspicious_activity,crime,Kawangware,-1.275599,36.747051,2026-04-25,01:46,High
INC00228,burglary,crime,Umoja,-1.287876,36.896262,2026-01-20,21:40,Medium
INC00229,burglary,crime,Eastleigh,-1.273374,36.843696,2026-02-06,19:43,Low
INC00230,suspicious_activity,crime,Ruiru,-1.146898,36.960581,2026-04-09,18:02,High
INC00231,fire,hazard,Ruiru,-1.156246,36.954339,2026-07-15,02:36,Low
INC00232,assault,crime,Umoja,-1.292279,36.896355,2026-01-30,00:47,High
INC00233,vandalism,crime,Karen,-1.319475,36.717727,2026-07-18,08:45,Low
INC00234,assault,crime,Githurai,-1.214519,36.897453,2026-02-01,04:54,Medium
INC00235,suspicious_activity,crime,Kayole,-1.283701,36.922843,2026-06-20,11:45,High
INC00236,theft,crime,Eastleigh,-1.284515,36.862703,2026-07-23,11:32,Medium
INC00237,fire,hazard,Langata,-1.343554,36.761348,2026-01-07,11:35,High
INC00238,medical_emergency,medical,Westlands,-1.272314,36.820992,2026-08-15,02:04,Medium
INC00239,flood,hazard,Ngong,-1.367493,36.651341,2026-07-30,18:04,Low
INC00240,accident,medical,Kawangware,-1.276419,36.751026,2026-03-30,04:56,Medium
INC00241,flood,hazard,Westlands,-1.276017,36.80406,2026-05-09,01:53,Low
INC00242,assault,crime,Embakasi,-1.322319,36.885577,2026-03-30,16:57,Low
INC00243,theft,crime,Umoja,-1.28533,36.896051,2026-06-10,09:39,Low
INC00244,theft,crime,Westlands,-1.26046,36.807752,2026-06-18,19:46,High
INC00245,burglary,crime,Kibera,-1.30788,36.777293,2026-01-21,01:41,Low
INC00246,medical_emergency,medical,Ngong,-1.35222,36.655912,2026-06-13,00:31,Medium
INC00247,fire,hazard,Donholm,-1.303051,36.879459,2026-03-04,21:25,Low
INC00248,flood,hazard,Kawangware,-1.286196,36.742873,2026-05-04,14:13,High
INC00249,suspicious_activity,crime,Embakasi,-1.320589,36.895233,2026-04-13,04:48,Low
INC00250,robbery,crime,Kawangware,-1.290182,36.741012,2026-03-10,14:15,High
INC00251,assault,crime,Ngong,-1.363451,36.656554,2026-08-10,05:52,Low
INC00252,fire,hazard,Eastleigh,-1.271418,36.852947,2026-05-12,14:31,Low
INC00253,accident,medical,Thika,-1.038333,37.079973,2026-04-28,07:13,Low
INC00254,vandalism,crime,Githurai,-1.21385,36.896679,2026-05-18,00:54,Low
INC00255,flood,hazard,Ruiru,-1.157977,36.958236,2026-04-04,01:25,Low
INC00256,robbery,crime,Donholm,-1.293712,36.883594,2026-04-09,16:28,High
INC00257,theft,crime,Karen,-1.312502,36.704582,2026-01-25,12:23,High
INC00258,assault,crime,Westlands,-1.268498,36.801906,2026-06-04,16:25,Low
INC00259,fire,hazard,Embakasi,-1.315875,36.89431,2026-05-13,14:09,Low
INC00260,theft,crime,Embakasi,-1.311148,36.895874,2026-04-11,19:47,Medium
INC00261,medical_emergency,medical,Githurai,-1.215667,36.900625,2026-03-18,15:52,Low
INC00262,medical_emergency,medical,Ngong,-1.356239,36.645533,2026-03-20,23:55,Low
INC00263,burglary,crime,Langata,-1.344515,36.766424,2026-05-30,15:10,Medium
INC00264,theft,crime,Thika,-1.049369,37.097964,2026-07-30,21:15,Low
INC00265,fire,hazard,CBD,-1.288141,36.811278,2026-03-22,13:09,Medium
INC00266,burglary,crime,Githurai,-1.211853,36.900501,2026-06-30,04:33,Medium
INC00267,suspicious_activity,crime,Thika,-1.039337,37.089925,2026-02-14,14:58,Medium
INC00268,medical_emergency,medical,Umoja,-1.29042,36.89197,2026-05-04,06:15,High
INC00269,vandalism,crime,Donholm,-1.2949,36.884341,2026-06-30,06:44,Low
INC00270,vandalism,crime,Umoja,-1.285136,36.903915,2026-02-01,18:43,Low
INC00271,theft,crime,Ruiru,-1.139894,36.948581,2026-03-16,01:18,High
INC00272,fire,hazard,Umoja,-1.285228,36.90466,2026-02-24,06:52,Medium
INC00273,robbery,crime,Westlands,-1.273714,36.802015,2026-06-07,23:37,High
INC00274,assault,crime,Langata,-1.348394,36.761448,2026-01-14,03:26,Medium
INC00275,burglary,crime,Westlands,-1.265442,36.818613,2026-05-21,05:26,Low
INC00276,vandalism,crime,Kasarani,-1.236817,36.905374,2026-03-24,09:41,Medium
INC00277,accident,medical,Langata,-1.336267,36.770265,2026-07-09,23:54,Low
INC00278,burglary,crime,Eastleigh,-1.279092,36.861732,2026-08-03,12:50,High
INC00279,burglary,crime,Donholm,-1.296944,36.896569,2026-01-03,09:36,Low
INC00280,accident,medical,Kawangware,-1.274229,36.757021,2026-05-15,15:56,Low
INC00281,robbery,crime,Kasarani,-1.228822,36.895145,2026-03-26,05:46,Low
INC00282,vandalism,crime,Embakasi,-1.324137,36.896219,2026-05-26,21:48,Medium
INC00283,flood,hazard,Thika,-1.041983,37.080908,2026-05-12,10:05,High
INC00284,suspicious_activity,crime,Githurai,-1.210784,36.89871,2026-08-28,07:00,Medium
INC00285,vandalism,crime,Embakasi,-1.327771,36.897074,2026-05-30,23:36,Medium
INC00286,robbery,crime,Kibera,-1.315192,36.78205,2026-04-30,09:10,High
INC00287,robbery,crime,Donholm,-1.296707,36.882383,2026-06-13,09:23,Low
INC00288,fire,hazard,Westlands,-1.270183,36.811985,2026-07-11,19:23,Low
INC00289,assault,crime,Kasarani,-1.222253,36.90051,2026-06-24,19:55,Medium
INC00290,robbery,crime,Ruiru,-1.157765,36.957953,2026-08-23,18:07,Medium
INC00291,theft,crime,Westlands,-1.276175,36.805108,2026-03-25,16:28,Medium
INC00292,accident,medical,Kayole,-1.282361,36.920308,2026-04-25,01:29,Medium
INC00293,vandalism,crime,Kawangware,-1.287911,36.74006,2026-07-05,00:25,Low
INC00294,burglary,crime,Kayole,-1.283725,36.931882,2026-04-19,11:44,High
INC00295,fire,hazard,Kayole,-1.2814,36.914709,2026-01-09,09:26,Medium
INC00296,suspicious_activity,crime,Ngong,-1.352608,36.663135,2026-08-17,12:28,Low
INC00297,suspicious_activity,crime,Westlands,-1.270639,36.803547,2026-01-31,05:34,High
INC00298,burglary,crime,CBD,-1.282018,36.815683,2026-03-18,14:43,Low
INC00299,assault,crime,Langata,-1.349487,36.770748,2026-04-28,11:09,Medium
INC00300,burglary,crime,Karen,-1.316102,36.716525,2026-07-27,21:26,High
INC00301,assault,crime,Langata,-1.354328,36.763956,2026-01-18,03:38,Medium
INC00302,assault,crime,Kibera,-1.314521,36.782795,2026-07-09,01:25,Medium
INC00303,theft,crime,Kibera,-1.306984,36.78663,2026-05-09,09:14,Low
INC00304,assault,crime,Embakasi,-1.317575,36.892271,2026-03-19,04:42,Low
INC00305,flood,hazard,Eastleigh,-1.269554,36.861832,2026-05-23,15:03,Medium
INC00306,flood,hazard,Embakasi,-1.320471,36.899088,2026-04-15,04:19,Low
INC00307,vandalism,crime,Langata,-1.338884,36.770295,2026-08-08,22:09,Medium
INC00308,accident,medical,Ngong,-1.365143,36.649067,2026-05-16,04:24,Medium
INC00309,suspicious_activity,crime,Kawangware,-1.276412,36.741031,2026-01-24,17:46,Low
INC00310,robbery,crime,Kibera,-1.309871,36.77634,2026-02-18,18:46,Low
INC00311,vandalism,crime,Embakasi,-1.309257,36.903242,2026-08-21,00:13,Low
INC00312,assault,crime,Githurai,-1.21191,36.912303,2026-06-28,19:45,Medium
INC00313,flood,hazard,Donholm,-1.301815,36.883231,2026-04-30,17:41,Medium
INC00314,fire,hazard,Githurai,-1.200767,36.900405,2026-01-26,23:30,Low
INC00315,flood,hazard,Embakasi,-1.323575,36.886918,2026-01-12,18:55,Low
INC00316,vandalism,crime,Ngong,-1.3654,36.656396,2026-02-09,06:21,Low
INC00317,vandalism,crime,Embakasi,-1.315166,36.893812,2026-07-15,15:46,Low
INC00318,theft,crime,Ruiru,-1.149234,36.965338,2026-02-05,23:34,Medium
INC00319,accident,medical,Kibera,-1.309936,36.787287,2026-01-09,02:52,Low
INC00320,robbery,crime,Langata,-1.350626,36.76112,2026-07-01,04:00,Low
INC00321,fire,hazard,Githurai,-1.204967,36.894237,2026-01-05,00:34,Medium
INC00322,accident,medical,Umoja,-1.279737,36.899481,2026-03-15,00:32,Medium
INC00323,robbery,crime,Eastleigh,-1.286022,36.846839,2026-08-24,03:33,Medium
INC00324,vandalism,crime,Ruiru,-1.151539,36.955121,2026-07-23,12:05,Medium
INC00325,vandalism,crime,Langata,-1.335167,36.764998,2026-06-25,02:41,Low
INC00326,flood,hazard,Thika,-1.048878,37.079189,2026-04-07,17:30,Low
INC00327,flood,hazard,Githurai,-1.196453,36.913477,2026-06-15,10:36,High
INC00328,assault,crime,Kibera,-1.311964,36.777422,2026-02-24,22:56,High
INC00329,accident,medical,Umoja,-1.292413,36.903009,2026-05-25,21:02,Low
INC00330,medical_emergency,medical,Kasarani,-1.230034,36.891539,2026-02-06,22:52,Low
INC00331,medical_emergency,medical,Langata,-1.337069,36.758635,2026-08-02,12:43,Medium
INC00332,robbery,crime,Westlands,-1.277426,36.809742,2026-05-09,23:22,Medium
INC00333,medical_emergency,medical,Embakasi,-1.320066,36.899471,2026-07-16,19:38,Low
INC00334,fire,hazard,Umoja,-1.284939,36.893509,2026-05-06,07:22,Low
INC00335,robbery,crime,Thika,-1.034039,37.093262,2026-07-17,19:18,Low
INC00336,flood,hazard,Westlands,-1.263707,36.807334,2026-07-02,20:09,Low
INC00337,vandalism,crime,CBD,-1.291005,36.80985,2026-04-24,11:48,Low
INC00338,accident,medical,Kawangware,-1.290934,36.741792,2026-05-23,16:26,Medium
INC00339,flood,hazard,Embakasi,-1.320244,36.885694,2026-01-04,09:26,High
INC00340,medical_emergency,medical,Langata,-1.347385,36.754777,2026-05-14,05:43,Low
INC00341,theft,crime,Githurai,-1.210481,36.899995,2026-01-17,05:27,Medium
INC00342,vandalism,crime,Ruiru,-1.149084,36.959333,2026-03-05,23:40,Low
INC00343,vandalism,crime,Westlands,-1.261668,36.808598,2026-01-02,12:21,High
INC00344,suspicious_activity,crime,Kawangware,-1.290278,36.746413,2026-04-21,20:38,High
INC00345,fire,hazard,Kasarani,-1.218625,36.895829,2026-03-22,05:25,Medium
INC00346,medical_emergency,medical,Githurai,-1.208479,36.91033,2026-07-20,07:20,Low
INC00347,medical_emergency,medical,Karen,-1.324801,36.713152,2026-02-21,18:34,Low
INC00348,assault,crime,Kawangware,-1.279143,36.756379,2026-04-23,09:53,Medium
INC00349,fire,hazard,Ngong,-1.36516,36.658173,2026-02-05,20:19,Medium
INC00350,robbery,crime,Thika,-1.038355,37.089687,2026-04-25,19:30,High
INC00351,accident,medical,Ngong,-1.35209,36.655738,2026-01-10,11:44,Medium
INC00352,robbery,crime,Kayole,-1.271706,36.915327,2026-07-16,07:42,Medium
INC00353,suspicious_activity,crime,Thika,-1.049789,37.084175,2026-07-23,13:06,Medium
INC00354,fire,hazard,Langata,-1.339553,36.763772,2026-04-06,12:29,Medium
INC00355,burglary,crime,Ruiru,-1.15068,36.966235,2026-05-04,03:18,Low
INC00356,suspicious_activity,crime,Westlands,-1.262815,36.811422,2026-03-21,10:29,Low
INC00357,fire,hazard,Karen,-1.322022,36.703805,2026-07-04,22:28,Medium
INC00358,burglary,crime,Karen,-1.326213,36.713801,2026-08-06,10:41,High
INC00359,accident,medical,Langata,-1.34838,36.760527,2026-02-14,17:10,Low
INC00360,theft,crime,Thika,-1.041357,37.079584,2026-02-17,20:42,Medium
INC00361,fire,hazard,Kasarani,-1.237911,36.894296,2026-06-01,13:24,Low
INC00362,medical_emergency,medical,Kayole,-1.277684,36.915941,2026-01-27,17:11,Low
INC00363,accident,medical,Githurai,-1.208227,36.901851,2026-06-13,10:38,Low
INC00364,fire,hazard,Ruiru,-1.145528,36.963012,2026-06-08,05:52,High
INC00365,theft,crime,Kayole,-1.278892,36.915661,2026-03-22,03:15,Medium
INC00366,flood,hazard,Thika,-1.042326,37.082715,2026-06-02,04:36,Medium
INC00367,accident,medical,Eastleigh,-1.286194,36.849292,2026-02-12,15:18,Low
INC00368,suspicious_activity,crime,Kibera,-1.319397,36.779679,2026-01-03,15:08,Medium
INC00369,flood,hazard,Githurai,-1.201797,36.902877,2026-06-25,15:26,Low
INC00370,assault,crime,CBD,-1.291903,36.812973,2026-03-16,01:17,Medium
INC00371,accident,medical,Githurai,-1.213716,36.909502,2026-05-11,03:36,Medium
INC00372,accident,medical,Ruiru,-1.14462,36.957927,2026-07-30,01:48,High
INC00373,assault,crime,Karen,-1.323144,36.715044,2026-03-18,01:28,Low
INC00374,assault,crime,Karen,-1.314617,36.715021,2026-02-23,23:37,Medium
INC00375,theft,crime,Ngong,-1.365868,36.649139,2026-06-07,04:50,Low
INC00376,accident,medical,Ruiru,-1.155632,36.96658,2026-03-13,19:34,Low
INC00377,accident,medical,Umoja,-1.294095,36.905255,2026-08-19,21:52,Medium
INC00378,vandalism,crime,Kibera,-1.309271,36.774654,2026-08-10,20:08,Low
INC00379,assault,crime,Embakasi,-1.318211,36.895549,2026-07-14,21:25,Low
INC00380,flood,hazard,Ngong,-1.354108,36.660378,2026-04-26,02:40,Low
INC00381,suspicious_activity,crime,Umoja,-1.284361,36.903378,2026-04-27,15:20,Medium
INC00382,fire,hazard,Kayole,-1.277836,36.913267,2026-06-12,21:44,Medium
INC00383,flood,hazard,Kasarani,-1.232629,36.906567,2026-07-31,06:31,Low
INC00384,medical_emergency,medical,Westlands,-1.271625,36.814651,2026-08-07,15:50,Low
INC00385,fire,hazard,Karen,-1.311247,36.706626,2026-01-05,03:59,Low
INC00386,assault,crime,Ngong,-1.357,36.64818,2026-06-26,04:56,High
INC00387,robbery,crime,Umoja,-1.294352,36.89929,2026-06-17,11:16,Medium
INC00388,flood,hazard,Kibera,-1.309311,36.776683,2026-06-10,09:46,Medium
INC00389,burglary,crime,Karen,-1.325746,36.702324,2026-02-24,15:04,Medium
INC00390,burglary,crime,CBD,-1.293988,36.824407,2026-06-28,10:52,Medium
INC00391,robbery,crime,Githurai,-1.201385,36.896049,2026-02-28,12:05,Low
INC00392,theft,crime,Donholm,-1.289141,36.880857,2026-04-08,04:41,Medium
INC00393,medical_emergency,medical,CBD,-1.289376,36.811461,2026-06-16,05:28,Medium
INC00394,medical_emergency,medical,Ngong,-1.365655,36.662932,2026-06-25,14:55,Low
INC00395,medical_emergency,medical,Karen,-1.309135,36.70409,2026-07-06,12:22,Low
INC00396,robbery,crime,Umoja,-1.284,36.898152,2026-03-05,17:38,Medium
INC00397,vandalism,crime,CBD,-1.28621,36.822157,2026-02-22,16:38,Low
INC00398,assault,crime,Kibera,-1.318478,36.784762,2026-05-07,12:07,Low
INC00399,suspicious_activity,crime,CBD,-1.288663,36.823979,2026-08-28,10:08,Low
INC00400,fire,hazard,Eastleigh,-1.277253,36.843276,2026-07-17,02:01,Low
INC00401,flood,hazard,Kibera,-1.309047,36.787342,2026-05-10,09:40,Low
INC00402,robbery,crime,Thika,-1.037679,37.084549,2026-06-13,17:34,Low
INC00403,theft,crime,Kasarani,-1.226271,36.905264,2026-05-18,10:25,Medium
INC00404,vandalism,crime,Kayole,-1.265931,36.916773,2026-06-28,13:46,Low
INC00405,robbery,crime,Ngong,-1.368899,36.658322,2026-04-27,19:38,Medium
INC00406,robbery,crime,Eastleigh,-1.27497,36.846277,2026-01-04,22:08,High
INC00407,theft,crime,Umoja,-1.280378,36.891375,2026-04-06,04:47,High
INC00408,suspicious_activity,crime,CBD,-1.285923,36.812459,2026-07-26,13:17,High
INC00409,fire,hazard,Kayole,-1.283891,36.929187,2026-04-27,16:23,Low
INC00410,vandalism,crime,Eastleigh,-1.277522,36.857456,2026-07-17,03:57,Low
INC00411,burglary,crime,CBD,-1.29548,36.81448,2026-08-08,00:15,High
INC00412,burglary,crime,Eastleigh,-1.275886,36.84749,2026-05-22,22:47,Low
INC00413,vandalism,crime,Embakasi,-1.320544,36.894041,2026-07-31,02:36,High
INC00414,assault,crime,Eastleigh,-1.269918,36.844379,2026-07-25,16:02,Low
INC00415,vandalism,crime,Donholm,-1.299865,36.885378,2026-03-25,02:35,Low
INC00416,medical_emergency,medical,Donholm,-1.297166,36.887867,2026-03-04,14:23,Medium
INC00417,accident,medical,Kasarani,-1.237872,36.898201,2026-07-14,07:09,Low
INC00418,burglary,crime,Ruiru,-1.145854,36.96398,2026-03-27,00:48,Medium
INC00419,assault,crime,Karen,-1.318559,36.698998,2026-05-16,07:26,High
INC00420,robbery,crime,Umoja,-1.27909,36.894261,2026-01-12,07:57,High
INC00421,robbery,crime,Kawangware,-1.29033,36.756399,2026-05-29,03:32,Low
INC00422,flood,hazard,Kibera,-1.317466,36.789018,2026-06-19,04:15,High
INC00423,suspicious_activity,crime,Thika,-1.045328,37.097871,2026-03-23,14:17,Low
INC00424,theft,crime,Karen,-1.319079,36.70593,2026-01-28,05:28,Medium
INC00425,fire,hazard,Kasarani,-1.22095,36.891808,2026-03-20,14:16,Medium
INC00426,medical_emergency,medical,Donholm,-1.291869,36.880966,2026-01-11,06:53,Medium
INC00427,flood,hazard,Ruiru,-1.153023,36.963402,2026-05-12,01:43,Low
INC00428,fire,hazard,Thika,-1.045003,37.088241,2026-05-23,23:35,Medium
INC00429,robbery,crime,Westlands,-1.262881,36.805446,2026-01-04,01:53,Low
INC00430,suspicious_activity,crime,Thika,-1.048319,37.090722,2026-06-25,20:41,High
INC00431,burglary,crime,Kayole,-1.27208,36.928186,2026-01-17,06:57,Low
INC00432,robbery,crime,Embakasi,-1.32464,36.895478,2026-01-11,14:03,Medium
INC00433,fire,hazard,Thika,-1.041467,37.086079,2026-01-08,12:43,High
INC00434,vandalism,crime,Umoja,-1.283718,36.89834,2026-04-25,04:02,Medium
INC00435,flood,hazard,Githurai,-1.21478,36.899596,2026-08-14,17:30,Low
INC00436,accident,medical,Kasarani,-1.227127,36.890391,2026-03-05,20:51,Low
INC00437,fire,hazard,Ruiru,-1.140746,36.957048,2026-05-20,15:22,Low
INC00438,burglary,crime,Eastleigh,-1.288414,36.859214,2026-03-23,19:14,Low
INC00439,accident,medical,Githurai,-1.19652,36.896003,2026-04-02,18:14,Medium
INC00440,accident,medical,Umoja,-1.280719,36.904956,2026-07-28,23:03,Medium
INC00441,suspicious_activity,crime,Thika,-1.045269,37.08536,2026-08-28,05:11,Medium
INC00442,medical_emergency,medical,Ruiru,-1.151966,36.958353,2026-01-08,22:44,Low
INC00443,fire,hazard,Kasarani,-1.228191,36.891805,2026-05-19,09:11,Low
INC00444,burglary,crime,Langata,-1.348365,36.764283,2026-05-15,15:00,Medium
INC00445,theft,crime,Embakasi,-1.327562,36.895732,2026-08-24,10:03,High
INC00446,accident,medical,Karen,-1.320928,36.716638,2026-08-09,11:04,Low
INC00447,suspicious_activity,crime,Karen,-1.308883,36.712447,2026-03-19,10:08,Low
INC00448,suspicious_activity,crime,Githurai,-1.202129,36.912577,2026-02-14,22:35,Medium
INC00449,medical_emergency,medical,Langata,-1.348864,36.76577,2026-07-28,05:24,Low
INC00450,medical_emergency,medical,CBD,-1.292758,36.813564,2026-04-11,18:02,Medium
INC00451,medical_emergency,medical,Langata,-1.348377,36.753556,2026-01-27,15:09,Low
INC00452,theft,crime,Embakasi,-1.313821,36.896782,2026-06-12,02:52,High
INC00453,burglary,crime,Kawangware,-1.279136,36.74701,2026-03-09,06:15,Medium
INC00454,burglary,crime,CBD,-1.288007,36.810527,2026-04-09,14:46,Low
INC00455,suspicious_activity,crime,Thika,-1.033424,37.094775,2026-05-20,12:06,Medium
INC00456,theft,crime,Langata,-1.338085,36.757898,2026-04-26,02:51,Low
INC00457,robbery,crime,Karen,-1.320891,36.71244,2026-03-29,05:56,Medium
INC00458,suspicious_activity,crime,Kayole,-1.275345,36.91262,2026-06-02,19:57,High
INC00459,medical_emergency,medical,Eastleigh,-1.287929,36.849622,2026-08-16,13:10,High
INC00460,accident,medical,Ngong,-1.364695,36.65063,2026-07-04,23:34,Low
INC00461,flood,hazard,Kibera,-1.313481,36.77309,2026-05-27,17:53,Low
INC00462,vandalism,crime,Kayole,-1.272996,36.915993,2026-07-30,21:40,Low
INC00463,vandalism,crime,Eastleigh,-1.28669,36.858698,2026-01-21,15:54,Low
INC00464,robbery,crime,Umoja,-1.292302,36.90371,2026-06-14,17:24,Low
INC00465,burglary,crime,Kawangware,-1.287732,36.756742,2026-03-09,14:29,Medium
INC00466,robbery,crime,Westlands,-1.262336,36.80928,2026-01-22,21:22,Medium
INC00467,accident,medical,Langata,-1.344548,36.771313,2026-01-16,12:52,Medium
INC00468,medical_emergency,medical,Githurai,-1.210023,36.901896,2026-08-14,07:30,High
INC00469,accident,medical,Kibera,-1.31187,36.791655,2026-05-27,16:51,Low
INC00470,theft,crime,Kawangware,-1.289145,36.740854,2026-02-12,06:51,Low
INC00471,assault,crime,Ngong,-1.353318,36.650158,2026-07-30,20:09,High
INC00472,robbery,crime,Kayole,-1.273959,36.929132,2026-04-10,17:25,Medium
INC00473,medical_emergency,medical,CBD,-1.288008,36.815489,2026-05-31,16:50,Low
INC00474,robbery,crime,Karen,-1.322678,36.708513,2026-05-25,03:50,Low
INC00475,vandalism,crime,Ngong,-1.35856,36.654461,2026-04-09,20:31,Low
INC00476,theft,crime,Thika,-1.036127,37.079776,2026-06-08,19:43,High
INC00477,assault,crime,Embakasi,-1.309583,36.901941,2026-01-13,23:30,Low
INC00478,vandalism,crime,Donholm,-1.295076,36.879964,2026-03-13,15:54,High
INC00479,vandalism,crime,Westlands,-1.261984,36.806388,2026-07-10,14:49,Low
INC00480,assault,crime,Kayole,-1.268521,36.926819,2026-04-24,06:58,Medium
INC00481,burglary,crime,Ruiru,-1.152778,36.957136,2026-05-12,05:04,Low
INC00482,theft,crime,CBD,-1.295247,36.807861,2026-02-19,06:53,Low
INC00483,assault,crime,Ruiru,-1.149716,36.954939,2026-03-12,11:52,High
INC00484,assault,crime,CBD,-1.287478,36.82641,2026-04-06,15:38,Low
INC00485,suspicious_activity,crime,Ruiru,-1.142383,36.948808,2026-02-11,08:47,Low
INC00486,theft,crime,Kibera,-1.304002,36.789142,2026-08-07,18:49,Medium
INC00487,vandalism,crime,Kasarani,-1.237599,36.905606,2026-06-16,13:32,Medium
INC00488,fire,hazard,CBD,-1.292936,36.823217,2026-08-22,04:41,Low
INC00489,vandalism,crime,Donholm,-1.302026,36.88304,2026-04-19,12:54,Low
INC00490,medical_emergency,medical,Thika,-1.030011,37.09833,2026-01-27,00:32,Medium
INC00491,vandalism,crime,Donholm,-1.307723,36.897767,2026-06-25,03:30,Medium
INC00492,vandalism,crime,Umoja,-1.282971,36.889767,2026-06-17,22:57,Medium
INC00493,burglary,crime,Langata,-1.341789,36.765615,2026-07-26,19:25,Medium
INC00494,vandalism,crime,Githurai,-1.208235,36.894706,2026-03-08,13:25,Medium
INC00495,suspicious_activity,crime,Kasarani,-1.224274,36.902766,2026-07-05,22:14,Low
INC00496,accident,medical,Ruiru,-1.145848,36.958165,2026-03-18,05:53,Low
INC00497,theft,crime,Githurai,-1.199833,36.909258,2026-07-09,08:46,Low
INC00498,robbery,crime,Embakasi,-1.313116,36.890142,2026-02-26,11:14,Medium
INC00499,suspicious_activity,crime,Embakasi,-1.318725,36.886356,2026-03-08,18:18,Low
INC00500,fire,hazard,Kayole,-1.282604,36.925614,2026-08-16,06:32,Medium
INC00501,burglary,crime,Ngong,-1.350153,36.651853,2026-08-11,04:08,High
INC00502,theft,crime,Kawangware,-1.277421,36.749752,2026-03-22,22:11,Medium
INC00503,suspicious_activity,crime,Eastleigh,-1.279959,36.847188,2026-06-12,01:00,Medium
INC00504,fire,hazard,Eastleigh,-1.27671,36.85567,2026-07-21,02:08,Low
INC00505,flood,hazard,Githurai,-1.212012,36.901462,2026-01-02,01:34,Low
INC00506,accident,medical,Embakasi,-1.327918,36.898672,2026-02-18,00:43,Low
INC00507,vandalism,crime,Ruiru,-1.148933,36.953122,2026-02-03,03:24,Low
INC00508,vandalism,crime,Kibera,-1.312894,36.782482,2026-03-16,14:46,Low
INC00509,suspicious_activity,crime,Westlands,-1.263498,36.804298,2026-08-19,15:22,High
INC00510,burglary,crime,Thika,-1.030302,37.083224,2026-02-28,07:46,Low
INC00511,robbery,crime,Eastleigh,-1.273157,36.850504,2026-04-04,22:41,Medium
INC00512,medical_emergency,medical,Kibera,-1.310229,36.772395,2026-01-13,21:06,Medium
INC00513,fire,hazard,Ngong,-1.364945,36.659037,2026-04-08,03:35,Low
INC00514,vandalism,crime,CBD,-1.28315,36.8126,2026-04-18,21:06,Medium
INC00515,flood,hazard,Westlands,-1.264125,36.803355,2026-08-01,03:32,Low
INC00516,fire,hazard,Karen,-1.312841,36.71443,2026-02-20,19:12,High
INC00517,flood,hazard,Ruiru,-1.148037,36.965207,2026-03-17,05:02,Medium
INC00518,suspicious_activity,crime,Githurai,-1.202567,36.912138,2026-03-02,00:00,Medium
INC00519,theft,crime,Githurai,-1.201529,36.896026,2026-01-24,16:04,Low
INC00520,fire,hazard,Langata,-1.353998,36.768264,2026-03-17,08:29,High
INC00521,suspicious_activity,crime,Donholm,-1.30048,36.880318,2026-07-25,21:20,High
INC00522,burglary,crime,Kibera,-1.310356,36.778573,2026-08-07,04:42,High
INC00523,robbery,crime,Umoja,-1.293723,36.894005,2026-04-06,10:11,Low
INC00524,fire,hazard,Thika,-1.032278,37.082336,2026-07-24,13:41,Low
INC00525,theft,crime,Kibera,-1.311485,36.788045,2026-01-27,13:58,Medium
INC00526,medical_emergency,medical,Eastleigh,-1.288424,36.856689,2026-04-08,11:39,Medium
INC00527,fire,hazard,Westlands,-1.260748,36.809814,2026-08-24,15:07,Low
INC00528,burglary,crime,Embakasi,-1.312649,36.895533,2026-06-30,21:33,Medium
INC00529,accident,medical,Embakasi,-1.315635,36.892657,2026-05-14,22:44,Medium
INC00530,suspicious_activity,crime,Githurai,-1.208302,36.910781,2026-06-19,21:41,Medium
INC00531,burglary,crime,Kibera,-1.306323,36.789037,2026-06-14,05:32,High
INC00532,fire,hazard,Kayole,-1.265597,36.913007,2026-03-24,07:21,Low
INC00533,flood,hazard,Thika,-1.040818,37.095025,2026-07-29,07:05,Low
INC00534,fire,hazard,Githurai,-1.201095,36.894355,2026-03-22,03:31,Low
INC00535,accident,medical,Kibera,-1.321482,36.784084,2026-05-21,00:52,Medium
INC00536,accident,medical,Donholm,-1.295571,36.897007,2026-05-24,06:41,Low
INC00537,assault,crime,Kibera,-1.312097,36.784395,2026-08-05,14:21,Low
INC00538,fire,hazard,Ruiru,-1.145822,36.947044,2026-01-30,03:48,Low
INC00539,accident,medical,Donholm,-1.306874,36.895938,2026-05-14,11:44,Low
INC00540,robbery,crime,Ngong,-1.366249,36.663604,2026-03-07,19:12,Low
INC00541,assault,crime,Kawangware,-1.277857,36.74093,2026-07-03,10:06,Medium
INC00542,fire,hazard,Karen,-1.309276,36.700493,2026-04-28,21:37,Low
INC00543,accident,medical,Kibera,-1.311598,36.790487,2026-08-28,13:53,Medium
INC00544,medical_emergency,medical,Eastleigh,-1.286432,36.850748,2026-02-14,23:52,Medium
INC00545,accident,medical,Embakasi,-1.30841,36.902318,2026-08-14,12:26,Medium
INC00546,flood,hazard,Umoja,-1.279904,36.888764,2026-03-29,09:28,Medium
INC00547,accident,medical,Donholm,-1.294264,36.889072,2026-08-09,10:45,Low
INC00548,medical_emergency,medical,Kasarani,-1.231094,36.903447,2026-07-02,09:43,High
INC00549,accident,medical,Eastleigh,-1.282552,36.845308,2026-05-19,22:40,Low
INC00550,medical_emergency,medical,Githurai,-1.20765,36.908957,2026-05-27,21:45,Medium
INC00551,flood,hazard,Donholm,-1.306871,36.885617,2026-07-26,00:33,Low
INC00552,assault,crime,Kibera,-1.309632,36.774929,2026-03-10,05:18,Low
INC00553,assault,crime,Donholm,-1.301826,36.887052,2026-07-12,17:02,Medium
INC00554,accident,medical,Langata,-1.339314,36.767976,2026-04-10,07:32,Low
INC00555,flood,hazard,Kibera,-1.303784,36.778253,2026-04-10,13:50,Medium
INC00556,vandalism,crime,CBD,-1.280782,36.824602,2026-02-21,19:55,Medium
INC00557,medical_emergency,medical,Ruiru,-1.155071,36.961498,2026-05-20,23:38,Low
INC00558,theft,crime,Kawangware,-1.27375,36.754702,2026-06-24,02:11,Low
INC00559,flood,hazard,Kibera,-1.320699,36.78368,2026-03-13,17:16,Low
INC00560,fire,hazard,Embakasi,-1.324926,36.890453,2026-07-01,04:02,Low
INC00561,fire,hazard,Donholm,-1.301838,36.893681,2026-07-22,18:35,Low
INC00562,theft,crime,Langata,-1.344897,36.760319,2026-05-14,02:50,Medium
INC00563,suspicious_activity,crime,Kayole,-1.278362,36.919216,2026-02-26,06:42,Low
INC00564,accident,medical,Githurai,-1.213706,36.90092,2026-07-30,20:00,Low
INC00565,burglary,crime,Langata,-1.336681,36.7709,2026-06-24,10:24,Low
INC00566,burglary,crime,Donholm,-1.29359,36.888286,2026-08-22,16:52,Medium
INC00567,burglary,crime,Githurai,-1.209594,36.895647,2026-03-17,20:12,Low
INC00568,robbery,crime,CBD,-1.280928,36.824499,2026-02-23,21:40,Low
INC00569,assault,crime,Karen,-1.308876,36.713304,2026-05-18,22:56,Medium
INC00570,theft,crime,Kayole,-1.278366,36.91375,2026-01-07,14:45,Low
INC00571,accident,medical,Umoja,-1.291447,36.891173,2026-01-19,18:52,Low
INC00572,flood,hazard,Thika,-1.036534,37.089697,2026-03-22,00:24,Medium
INC00573,medical_emergency,medical,Kayole,-1.283548,36.930561,2026-01-12,22:54,Low
INC00574,medical_emergency,medical,Donholm,-1.290466,36.885628,2026-01-23,09:48,Medium
INC00575,fire,hazard,CBD,-1.293672,36.81502,2026-02-10,17:14,Medium
INC00576,theft,crime,Donholm,-1.290717,36.8939,2026-03-18,21:56,Medium
INC00577,burglary,crime,Ruiru,-1.156535,36.947101,2026-05-22,17:09,Medium
INC00578,vandalism,crime,Kayole,-1.266929,36.918877,2026-02-23,23:47,Low
INC00579,theft,crime,Westlands,-1.261805,36.804887,2026-02-17,07:39,Low
INC00580,accident,medical,Kibera,-1.321837,36.785434,2026-04-29,20:35,Low
INC00581,medical_emergency,medical,Kasarani,-1.235436,36.903109,2026-05-05,10:22,Low
INC00582,assault,crime,Kayole,-1.278433,36.925188,2026-03-23,15:28,Medium
INC00583,medical_emergency,medical,Westlands,-1.272173,36.809566,2026-05-26,11:51,Low
INC00584,assault,crime,Langata,-1.346278,36.768802,2026-07-02,23:41,Low
INC00585,fire,hazard,Embakasi,-1.312505,36.893739,2026-04-29,14:22,Low
INC00586,vandalism,crime,Kayole,-1.274228,36.917265,2026-08-08,04:57,High
INC00587,robbery,crime,Kayole,-1.274856,36.912624,2026-08-17,00:54,Medium
INC00588,medical_emergency,medical,Thika,-1.044788,37.09688,2026-02-24,01:35,Medium
INC00589,suspicious_activity,crime,Westlands,-1.263057,36.815665,2026-04-11,07:57,Low
INC00590,accident,medical,Kawangware,-1.285723,36.740212,2026-05-11,02:25,Low
INC00591,accident,medical,Eastleigh,-1.285417,36.861974,2026-02-05,14:10,Medium
INC00592,fire,hazard,Westlands,-1.274124,36.810753,2026-08-29,11:02,Low
INC00593,assault,crime,Ruiru,-1.148642,36.962829,2026-01-11,21:13,Low
INC00594,burglary,crime,Kawangware,-1.290935,36.759369,2026-01-11,20:20,Medium
INC00595,vandalism,crime,Umoja,-1.292523,36.899074,2026-05-29,17:36,Low
INC00596,accident,medical,Kayole,-1.280542,36.920117,2026-03-06,12:58,Medium
INC00597,fire,hazard,Ruiru,-1.146916,36.957037,2026-07-22,15:56,Low
INC00598,assault,crime,Eastleigh,-1.283384,36.846005,2026-01-20,16:41,Low
INC00599,assault,crime,Karen,-1.326133,36.711305,2026-04-17,10:46,Low
INC00600,flood,hazard,Eastleigh,-1.286442,36.854847,2026-01-06,07:02,Low
INC00601,medical_emergency,medical,Kibera,-1.318135,36.775601,2026-02-07,01:10,High
INC00602,vandalism,crime,CBD,-1.284269,36.816628,2026-01-22,06:28,Low
INC00603,flood,hazard,Langata,-1.343347,36.76735,2026-06-03,04:50,Medium
INC00604,theft,crime,Umoja,-1.277553,36.897931,2026-07-05,21:21,Low
INC00605,flood,hazard,Thika,-1.045953,37.096192,2026-02-03,03:01,Medium
INC00606,theft,crime,Ngong,-1.360483,36.657295,2026-06-05,03:11,Low
INC00607,robbery,crime,Karen,-1.31036,36.708586,2026-05-04,21:08,Low
INC00608,accident,medical,Ngong,-1.369131,36.655596,2026-04-18,11:55,Low
INC00609,flood,hazard,Githurai,-1.201172,36.909231,2026-03-31,18:51,Medium
INC00610,flood,hazard,Karen,-1.313083,36.716002,2026-02-04,08:30,Low
INC00611,vandalism,crime,Ngong,-1.355127,36.645142,2026-02-18,00:45,Medium
INC00612,flood,hazard,CBD,-1.280314,36.815377,2026-06-17,06:44,Low
INC00613,medical_emergency,medical,Ngong,-1.359278,36.656293,2026-03-06,08:54,Medium
INC00614,assault,crime,Thika,-1.038849,37.082574,2026-04-16,17:50,Medium
INC00615,vandalism,crime,Githurai,-1.200516,36.901963,2026-03-20,18:22,Low
INC00616,assault,crime,Karen,-1.326394,36.707967,2026-04-25,22:10,Medium
INC00617,theft,crime,Kibera,-1.307213,36.788465,2026-04-10,20:00,Low
INC00618,robbery,crime,Ngong,-1.362583,36.657181,2026-01-17,08:14,Medium
INC00619,medical_emergency,medical,Thika,-1.035768,37.090949,2026-06-17,16:18,High
INC00620,fire,hazard,Eastleigh,-1.271989,36.861615,2026-04-23,00:12,Medium
INC00621,burglary,crime,Kasarani,-1.227684,36.894633,2026-07-20,19:32,Low
INC00622,suspicious_activity,crime,Kibera,-1.303787,36.773737,2026-03-03,20:00,Low
INC00623,suspicious_activity,crime,Thika,-1.038278,37.089355,2026-06-21,12:25,Medium
INC00624,robbery,crime,Kayole,-1.268405,36.9303,2026-05-21,09:46,Low
INC00625,assault,crime,Umoja,-1.277406,36.897498,2026-06-05,06:29,Low
INC00626,accident,medical,Ngong,-1.359937,36.651799,2026-01-28,17:04,Low
INC00627,accident,medical,Umoja,-1.282116,36.905321,2026-07-28,18:16,Medium
INC00628,suspicious_activity,crime,Langata,-1.345786,36.763737,2026-07-18,14:43,Low
INC00629,vandalism,crime,Karen,-1.312627,36.702208,2026-01-18,12:40,Medium
INC00630,flood,hazard,Embakasi,-1.327806,36.900644,2026-04-01,16:34,Low
INC00631,flood,hazard,Kayole,-1.27816,36.923091,2026-06-22,23:52,Low
INC00632,suspicious_activity,crime,Embakasi,-1.324344,36.898923,2026-02-25,18:17,High
INC00633,fire,hazard,Kasarani,-1.223291,36.907455,2026-07-08,06:15,Low
INC00634,assault,crime,Kasarani,-1.23488,36.892134,2026-08-03,19:22,High
INC00635,medical_emergency,medical,Githurai,-1.19904,36.901424,2026-01-02,17:02,Low
INC00636,fire,hazard,Umoja,-1.288042,36.901003,2026-02-16,16:17,Low
INC00637,fire,hazard,Ngong,-1.35995,36.652874,2026-08-29,17:02,Medium
INC00638,fire,hazard,Eastleigh,-1.279799,36.856784,2026-01-31,22:33,Low
INC00639,flood,hazard,Kasarani,-1.230768,36.907237,2026-05-29,03:20,Low
INC00640,assault,crime,Umoja,-1.289138,36.889678,2026-03-10,15:39,Low
INC00641,suspicious_activity,crime,Ngong,-1.360985,36.656428,2026-04-04,12:17,High
INC00642,robbery,crime,Langata,-1.350284,36.760644,2026-07-04,08:51,Low
INC00643,theft,crime,Westlands,-1.27007,36.803689,2026-05-02,00:11,High
INC00644,fire,hazard,Embakasi,-1.31083,36.884954,2026-03-18,08:35,Low
INC00645,burglary,crime,Eastleigh,-1.272221,36.844926,2026-02-25,08:30,Medium
INC00646,suspicious_activity,crime,Umoja,-1.277363,36.891154,2026-04-03,17:35,Low
INC00647,suspicious_activity,crime,Karen,-1.324421,36.709318,2026-08-11,21:38,Medium
INC00648,vandalism,crime,Eastleigh,-1.278791,36.858495,2026-04-01,10:43,Low
INC00649,flood,hazard,Kayole,-1.272366,36.914897,2026-06-07,09:29,Low
INC00650,flood,hazard,Embakasi,-1.319905,36.902141,2026-06-11,19:36,Low
INC00651,assault,crime,Embakasi,-1.322173,36.889349,2026-03-22,10:41,Medium
INC00652,fire,hazard,Umoja,-1.284262,36.905311,2026-07-19,11:47,Low
INC00653,burglary,crime,Eastleigh,-1.27576,36.861809,2026-02-02,23:15,Medium
INC00654,assault,crime,Kayole,-1.283089,36.930736,2026-02-12,12:06,Low
INC00655,burglary,crime,Kibera,-1.308,36.773665,2026-07-17,12:33,Low
INC00656,robbery,crime,Westlands,-1.273913,36.815752,2026-06-17,12:19,Low
INC00657,theft,crime,Westlands,-1.277797,36.808137,2026-05-15,05:01,High
INC00658,fire,hazard,Githurai,-1.210552,36.902897,2026-08-11,17:59,High
INC00659,medical_emergency,medical,Eastleigh,-1.274022,36.860546,2026-06-02,14:40,Low
INC00660,suspicious_activity,crime,Donholm,-1.292906,36.886837,2026-05-04,17:14,Low
INC00661,theft,crime,Umoja,-1.285534,36.901166,2026-03-19,00:00,Low
INC00662,fire,hazard,Donholm,-1.290558,36.896939,2026-05-17,00:44,Low
INC00663,flood,hazard,CBD,-1.291776,36.807344,2026-07-24,09:38,Low
INC00664,accident,medical,Ngong,-1.366735,36.659742,2026-04-22,12:15,Low
INC00665,assault,crime,Thika,-1.037494,37.089332,2026-03-09,02:27,Medium
INC00666,vandalism,crime,Umoja,-1.279824,36.894258,2026-06-16,23:34,High
INC00667,theft,crime,Eastleigh,-1.279893,36.852055,2026-03-16,03:40,Medium
INC00668,assault,crime,Githurai,-1.215007,36.904699,2026-03-24,00:09,Low
INC00669,vandalism,crime,Karen,-1.319632,36.697964,2026-03-10,04:45,Low
INC00670,fire,hazard,CBD,-1.290168,36.823189,2026-02-25,10:26,High
INC00671,burglary,crime,Kawangware,-1.277989,36.742922,2026-03-26,02:53,Low
INC00672,robbery,crime,Thika,-1.046156,37.095831,2026-05-20,15:11,Medium
INC00673,robbery,crime,CBD,-1.288704,36.826699,2026-07-16,22:15,Low
INC00674,assault,crime,Kibera,-1.321421,36.78532,2026-04-28,23:49,Low
INC00675,vandalism,crime,Thika,-1.037417,37.079844,2026-08-28,10:10,High
INC00676,vandalism,crime,Karen,-1.324426,36.71555,2026-05-04,20:19,High
INC00677,robbery,crime,Kasarani,-1.23151,36.893347,2026-03-02,20:27,Low
INC00678,flood,hazard,Karen,-1.309023,36.709422,2026-07-22,07:00,Medium
INC00679,suspicious_activity,crime,Westlands,-1.275346,36.802828,2026-07-17,02:15,Medium
INC00680,burglary,crime,Kibera,-1.309273,36.787829,2026-04-02,20:09,Low
INC00681,suspicious_activity,crime,Langata,-1.348054,36.769836,2026-05-23,20:48,Medium
INC00682,flood,hazard,CBD,-1.291386,36.80799,2026-04-02,23:08,Medium
INC00683,accident,medical,Donholm,-1.297666,36.888872,2026-06-28,15:12,Low
INC00684,vandalism,crime,Kawangware,-1.275789,36.743207,2026-08-11,19:58,Medium
INC00685,vandalism,crime,Kawangware,-1.285658,36.740014,2026-07-29,08:34,Medium
INC00686,theft,crime,Thika,-1.032863,37.09452,2026-08-15,00:39,Low
INC00687,accident,medical,Kayole,-1.274519,36.921951,2026-07-29,12:12,Medium
INC00688,suspicious_activity,crime,Donholm,-1.306791,36.888464,2026-04-15,20:20,Low
INC00689,theft,crime,Westlands,-1.276359,36.804832,2026-08-12,01:12,Low
INC00690,fire,hazard,Thika,-1.038194,37.079982,2026-05-15,19:44,Low
INC00691,burglary,crime,Kayole,-1.275172,36.929795,2026-08-27,06:41,Low
INC00692,suspicious_activity,crime,Kibera,-1.314981,36.779381,2026-05-23,23:56,Medium
INC00693,accident,medical,Umoja,-1.279311,36.887559,2026-01-11,23:04,Low
INC00694,robbery,crime,Karen,-1.320693,36.701662,2026-07-05,07:34,Medium
INC00695,accident,medical,Eastleigh,-1.274078,36.858326,2026-07-11,17:26,Medium
INC00696,flood,hazard,Kawangware,-1.277151,36.750999,2026-08-15,03:10,Medium
INC00697,accident,medical,Eastleigh,-1.281954,36.849303,2026-06-03,14:59,High
INC00698,suspicious_activity,crime,Embakasi,-1.311477,36.890469,2026-04-16,20:27,Low
INC00699,flood,hazard,Kasarani,-1.223108,36.8972,2026-07-16,17:59,Low
INC00700,burglary,crime,Thika,-1.038085,37.089352,2026-07-05,01:18,High
INC00701,burglary,crime,Donholm,-1.291886,36.878434,2026-03-18,07:13,Medium
INC00702,accident,medical,Umoja,-1.277482,36.889094,2026-05-11,17:36,Low
INC00703,theft,crime,Ruiru,-1.141207,36.951997,2026-02-05,08:23,Low
INC00704,robbery,crime,Donholm,-1.290642,36.892685,2026-05-27,12:36,Medium
INC00705,theft,crime,Githurai,-1.204475,36.912153,2026-05-05,22:44,Medium
INC00706,burglary,crime,Donholm,-1.30743,36.879118,2026-07-07,18:24,Medium
INC00707,flood,hazard,Ruiru,-1.143592,36.961954,2026-04-17,03:55,Medium
INC00708,flood,hazard,CBD,-1.295576,36.817999,2026-01-14,09:33,Low
INC00709,theft,crime,Langata,-1.335053,36.771421,2026-01-13,21:46,Medium
INC00710,assault,crime,Kayole,-1.277114,36.914644,2026-04-21,09:50,Low
INC00711,accident,medical,Kibera,-1.315329,36.78069,2026-04-13,08:05,Medium
INC00712,fire,hazard,Westlands,-1.270594,36.812427,2026-05-24,06:31,Medium
INC00713,assault,crime,Langata,-1.346399,36.765695,2026-01-19,08:49,Medium
INC00714,flood,hazard,Karen,-1.32459,36.70469,2026-04-19,11:22,Medium
INC00715,theft,crime,Donholm,-1.289197,36.886844,2026-03-31,19:52,Low
INC00716,assault,crime,Kibera,-1.32018,36.78657,2026-02-21,21:23,Low
INC00717,assault,crime,Kibera,-1.306651,36.777754,2026-06-08,04:55,Low
INC00718,vandalism,crime,Karen,-1.321762,36.7126,2026-04-26,15:01,Low
INC00719,accident,medical,Umoja,-1.276154,36.899901,2026-05-04,19:46,Medium
INC00720,medical_emergency,medical,Thika,-1.04913,37.082406,2026-08-20,21:33,Low
INC00721,burglary,crime,Umoja,-1.294668,36.899207,2026-04-30,20:00,Medium
INC00722,robbery,crime,Ruiru,-1.141332,36.95473,2026-01-05,09:55,High
INC00723,suspicious_activity,crime,Karen,-1.32664,36.701778,2026-05-05,19:34,High
INC00724,burglary,crime,CBD,-1.289729,36.815068,2026-03-05,16:19,Low
INC00725,suspicious_activity,crime,Ruiru,-1.154276,36.966565,2026-04-01,20:19,Medium
INC00726,vandalism,crime,Kibera,-1.303301,36.791807,2026-08-13,12:56,High
INC00727,assault,crime,Umoja,-1.288143,36.888745,2026-02-08,10:57,Medium
INC00728,flood,hazard,Langata,-1.346471,36.758248,2026-03-03,18:09,Medium
INC00729,accident,medical,Kawangware,-1.290228,36.750827,2026-02-03,06:41,Medium
INC00730,vandalism,crime,Westlands,-1.268024,36.803705,2026-06-26,22:57,High
INC00731,medical_emergency,medical,Westlands,-1.277144,36.811659,2026-08-23,05:20,Medium
INC00732,suspicious_activity,crime,Eastleigh,-1.28841,36.849374,2026-08-03,04:46,High
INC00733,vandalism,crime,Ngong,-1.353566,36.657737,2026-04-24,23:59,Medium
INC00734,assault,crime,Westlands,-1.277976,36.820719,2026-01-28,04:11,Medium
INC00735,medical_emergency,medical,Langata,-1.354478,36.75359,2026-03-01,07:43,Medium
INC00736,accident,medical,Westlands,-1.26426,36.808479,2026-08-05,19:30,High
INC00737,fire,hazard,Githurai,-1.211475,36.902172,2026-02-05,05:12,High
INC00738,flood,hazard,Umoja,-1.276235,36.901156,2026-02-26,23:42,Low
INC00739,medical_emergency,medical,Kawangware,-1.275665,36.757752,2026-05-06,22:20,Low
INC00740,medical_emergency,medical,Kibera,-1.317042,36.78423,2026-07-08,12:46,Medium
INC00741,accident,medical,Kibera,-1.30676,36.772848,2026-01-28,14:29,High
INC00742,burglary,crime,Thika,-1.034697,37.098252,2026-05-23,12:33,Low
INC00743,flood,hazard,Kawangware,-1.276448,36.749227,2026-08-15,09:49,Low
INC00744,accident,medical,Kibera,-1.306702,36.781034,2026-08-20,04:29,Medium
INC00745,theft,crime,Karen,-1.314478,36.700506,2026-07-19,18:57,Low
INC00746,burglary,crime,Kawangware,-1.275068,36.757916,2026-02-15,14:37,High
INC00747,vandalism,crime,Kayole,-1.266857,36.92793,2026-03-24,22:41,Medium
INC00748,robbery,crime,Karen,-1.315719,36.699506,2026-01-30,22:28,Medium
INC00749,flood,hazard,Eastleigh,-1.273635,36.861245,2026-05-21,12:02,Medium
INC00750,theft,crime,Westlands,-1.263117,36.802026,2026-08-11,04:11,Low
INC00751,vandalism,crime,Kawangware,-1.275029,36.759209,2026-06-10,05:07,Low
INC00752,burglary,crime,Umoja,-1.286027,36.902149,2026-04-28,15:54,Medium
INC00753,assault,crime,Githurai,-1.206486,36.902203,2026-02-25,18:42,Low
INC00754,assault,crime,CBD,-1.284005,36.818351,2026-08-14,17:17,Medium
INC00755,theft,crime,Kibera,-1.31632,36.774907,2026-02-07,01:41,Low
INC00756,suspicious_activity,crime,Donholm,-1.306822,36.897875,2026-08-24,02:03,Low
INC00757,medical_emergency,medical,Donholm,-1.297101,36.893746,2026-06-19,22:44,Low
INC00758,medical_emergency,medical,Kawangware,-1.27763,36.746456,2026-04-03,01:05,High
INC00759,flood,hazard,Kayole,-1.279143,36.914691,2026-08-04,17:04,Medium
INC00760,suspicious_activity,crime,Umoja,-1.291803,36.890181,2026-05-15,13:33,Low
INC00761,fire,hazard,Kayole,-1.266322,36.931726,2026-07-05,22:38,Low
INC00762,vandalism,crime,Embakasi,-1.320923,36.886594,2026-05-15,18:39,Medium
INC00763,fire,hazard,Githurai,-1.203812,36.908172,2026-07-26,05:56,High
INC00764,robbery,crime,CBD,-1.280465,36.821949,2026-01-07,14:40,Low
INC00765,flood,hazard,Ngong,-1.358792,36.65775,2026-01-12,10:22,Low
INC00766,vandalism,crime,Kasarani,-1.231994,36.901,2026-03-07,02:19,Medium
INC00767,suspicious_activity,crime,Karen,-1.317022,36.717002,2026-03-29,12:46,Medium
INC00768,suspicious_activity,crime,Kasarani,-1.224551,36.908323,2026-08-02,10:59,Medium
INC00769,fire,hazard,Westlands,-1.260659,36.811739,2026-02-09,20:29,Low
INC00770,burglary,crime,Ngong,-1.358701,36.658564,2026-08-02,16:19,Medium
INC00771,assault,crime,CBD,-1.280409,36.824961,2026-05-28,21:21,Low
INC00772,vandalism,crime,Westlands,-1.258828,36.81353,2026-08-04,00:21,Medium
INC00773,theft,crime,Thika,-1.034353,37.085166,2026-06-02,03:55,High
INC00774,vandalism,crime,Kibera,-1.305759,36.779432,2026-04-16,02:31,Medium
INC00775,assault,crime,Donholm,-1.306755,36.893699,2026-05-15,09:11,Medium
INC00776,fire,hazard,Kayole,-1.275347,36.922001,2026-05-10,00:51,Low
INC00777,accident,medical,Githurai,-1.20061,36.895965,2026-03-21,10:09,High
INC00778,assault,crime,Westlands,-1.270748,36.818296,2026-07-05,01:29,Low
INC00779,burglary,crime,Donholm,-1.307258,36.887338,2026-06-25,19:55,Low
INC00780,burglary,crime,Donholm,-1.291157,36.884418,2026-05-28,09:40,Low
INC00781,accident,medical,Umoja,-1.293647,36.888986,2026-03-23,14:42,Low
INC00782,medical_emergency,medical,CBD,-1.292268,36.814206,2026-05-24,16:06,Low
INC00783,vandalism,crime,Westlands,-1.277075,36.813265,2026-05-27,07:10,Low
INC00784,burglary,crime,Kawangware,-1.274934,36.741009,2026-02-03,00:30,Low
INC00785,flood,hazard,Kayole,-1.273078,36.923855,2026-04-11,05:45,Medium
INC00786,medical_emergency,medical,Kawangware,-1.276651,36.754258,2026-04-02,09:21,Medium
INC00787,fire,hazard,Kayole,-1.268743,36.930394,2026-05-26,04:05,Low
INC00788,vandalism,crime,Kawangware,-1.27767,36.749411,2026-06-25,20:45,High
INC00789,medical_emergency,medical,Westlands,-1.274833,36.819345,2026-03-08,11:25,Low
INC00790,fire,hazard,Embakasi,-1.318493,36.891029,2026-05-05,00:04,Low
INC00791,vandalism,crime,Eastleigh,-1.277506,36.853159,2026-07-16,11:38,Low
INC00792,suspicious_activity,crime,Karen,-1.312551,36.708455,2026-05-23,20:04,Low
INC00793,assault,crime,Ngong,-1.36682,36.654647,2026-06-08,07:35,Low
INC00794,medical_emergency,medical,Kasarani,-1.222253,36.900891,2026-04-21,13:36,Low
INC00795,medical_emergency,medical,Kayole,-1.273157,36.921258,2026-08-03,15:07,Medium
INC00796,theft,crime,Kawangware,-1.281035,36.75371,2026-03-20,12:04,Medium
INC00797,suspicious_activity,crime,Thika,-1.04877,37.083352,2026-05-07,20:42,Low
INC00798,theft,crime,CBD,-1.285775,36.815,2026-06-19,04:28,Medium
INC00799,assault,crime,Kasarani,-1.226594,36.908264,2026-06-24,10:19,Low
INC00800,suspicious_activity,crime,Ngong,-1.35777,36.655208,2026-01-23,18:00,Medium
INC00801,burglary,crime,Donholm,-1.308983,36.889201,2026-04-05,17:03,High
INC00802,vandalism,crime,Karen,-1.319766,36.709603,2026-08-10,00:15,Medium
INC00803,flood,hazard,Thika,-1.045776,37.082468,2026-04-08,13:34,Low
INC00804,suspicious_activity,crime,Thika,-1.044231,37.096455,2026-08-04,13:09,Low
INC00805,robbery,crime,CBD,-1.281973,36.816934,2026-06-15,00:09,Low
INC00806,robbery,crime,Westlands,-1.270183,36.810121,2026-02-05,20:51,Medium
INC00807,medical_emergency,medical,Ngong,-1.361518,36.661401,2026-02-16,14:32,Low
INC00808,theft,crime,Langata,-1.343441,36.768936,2026-04-19,19:00,Low
INC00809,flood,hazard,Umoja,-1.288661,36.905565,2026-08-26,17:36,Medium
INC00810,robbery,crime,Ruiru,-1.157399,36.961604,2026-05-29,15:44,Medium
INC00811,fire,hazard,Umoja,-1.278202,36.887769,2026-05-13,02:33,Low
INC00812,accident,medical,Kayole,-1.272739,36.930072,2026-07-24,18:19,Medium
INC00813,fire,hazard,CBD,-1.287015,36.821876,2026-04-27,16:57,Low
INC00814,vandalism,crime,Donholm,-1.290543,36.892989,2026-02-12,01:44,Medium
INC00815,burglary,crime,Umoja,-1.292618,36.887032,2026-06-11,15:37,High
INC00816,vandalism,crime,CBD,-1.286288,36.824229,2026-05-05,02:08,Low
INC00817,medical_emergency,medical,Westlands,-1.273361,36.815829,2026-03-13,08:54,Medium
INC00818,fire,hazard,Westlands,-1.262849,36.805724,2026-04-05,05:16,Low
INC00819,suspicious_activity,crime,Kibera,-1.304621,36.775083,2026-01-22,04:38,Low
INC00820,flood,hazard,Ngong,-1.35548,36.648346,2026-03-02,21:28,Medium
INC00821,burglary,crime,Ruiru,-1.142609,36.94805,2026-06-14,08:48,Low
INC00822,vandalism,crime,Githurai,-1.197551,36.898673,2026-05-02,23:48,Medium
INC00823,fire,hazard,Thika,-1.032594,37.079237,2026-03-09,04:33,High
INC00824,flood,hazard,Kawangware,-1.279342,36.74082,2026-06-23,10:33,High
INC00825,flood,hazard,Ruiru,-1.153548,36.952407,2026-06-06,20:54,Medium
INC00826,medical_emergency,medical,Umoja,-1.282494,36.890836,2026-04-11,14:49,Medium
INC00827,accident,medical,Kasarani,-1.218136,36.896265,2026-03-28,21:44,Low
INC00828,robbery,crime,CBD,-1.285895,36.82091,2026-01-04,13:06,Low
INC00829,vandalism,crime,Donholm,-1.296612,36.879138,2026-02-19,01:01,Medium
INC00830,medical_emergency,medical,Kasarani,-1.218844,36.891728,2026-06-13,03:45,Medium
INC00831,medical_emergency,medical,Thika,-1.047783,37.082685,2026-07-25,05:57,Low
INC00832,fire,hazard,Kayole,-1.27646,36.930068,2026-08-25,08:49,Medium
INC00833,vandalism,crime,Embakasi,-1.312458,36.891656,2026-02-11,02:17,Low
INC00834,vandalism,crime,Kibera,-1.314489,36.781834,2026-07-28,08:11,High
INC00835,theft,crime,Thika,-1.047123,37.094374,2026-06-15,15:06,Low
INC00836,fire,hazard,Karen,-1.327703,36.699208,2026-07-03,08:06,Medium
INC00837,burglary,crime,Kawangware,-1.279943,36.740017,2026-08-18,15:09,Low
INC00838,vandalism,crime,Thika,-1.031908,37.090493,2026-02-08,22:21,Medium
INC00839,fire,hazard,Githurai,-1.201445,36.910246,2026-04-22,12:54,Low
INC00840,burglary,crime,Langata,-1.339403,36.754424,2026-04-09,22:52,Medium
INC00841,suspicious_activity,crime,Ruiru,-1.157896,36.96694,2026-06-24,09:25,Medium
INC00842,accident,medical,Ruiru,-1.142176,36.962209,2026-08-07,10:05,Low
INC00843,theft,crime,Kasarani,-1.224785,36.895977,2026-05-22,01:24,Low
INC00844,suspicious_activity,crime,Karen,-1.315744,36.712506,2026-05-05,02:56,Low
INC00845,burglary,crime,Kasarani,-1.228215,36.89126,2026-07-04,18:15,Medium
INC00846,fire,hazard,Donholm,-1.308259,36.879121,2026-05-17,14:01,Medium
INC00847,flood,hazard,Kibera,-1.310223,36.782462,2026-01-31,06:51,High
INC00848,medical_emergency,medical,Westlands,-1.263791,36.810778,2026-03-01,02:02,Low
INC00849,assault,crime,Kibera,-1.323013,36.784653,2026-06-29,20:08,High
INC00850,fire,hazard,Karen,-1.316579,36.714156,2026-06-06,05:53,Low
INC00851,medical_emergency,medical,Githurai,-1.214738,36.898053,2026-07-24,19:14,Low
INC00852,suspicious_activity,crime,Thika,-1.039082,37.085432,2026-01-31,21:36,High
INC00853,burglary,crime,Kasarani,-1.236736,36.895478,2026-06-01,05:21,Medium
INC00854,suspicious_activity,crime,Eastleigh,-1.284127,36.85464,2026-05-22,05:28,Low
INC00855,theft,crime,Thika,-1.049873,37.082588,2026-01-05,15:05,Low
INC00856,flood,hazard,Donholm,-1.306462,36.880862,2026-06-27,15:44,Low
INC00857,flood,hazard,Kawangware,-1.279167,36.751925,2026-03-03,05:39,Medium
INC00858,vandalism,crime,Kayole,-1.273846,36.915838,2026-03-31,13:00,High
INC00859,medical_emergency,medical,Karen,-1.324014,36.713207,2026-04-03,17:32,Medium
INC00860,burglary,crime,Umoja,-1.293016,36.902876,2026-02-19,03:50,High
INC00861,theft,crime,Githurai,-1.215138,36.906897,2026-02-10,21:59,Low
INC00862,vandalism,crime,Ngong,-1.352198,36.654063,2026-03-27,19:51,Low
INC00863,accident,medical,Kibera,-1.322719,36.782298,2026-02-15,05:50,Low
INC00864,fire,hazard,Langata,-1.346619,36.766942,2026-06-01,18:20,High
INC00865,robbery,crime,Langata,-1.350258,36.760252,2026-03-25,07:06,Low
INC00866,robbery,crime,Langata,-1.353913,36.760717,2026-05-01,18:31,Low
INC00867,theft,crime,Kawangware,-1.283845,36.743883,2026-04-10,11:08,Low
INC00868,assault,crime,Umoja,-1.282156,36.887193,2026-03-27,04:02,Low
INC00869,fire,hazard,Kawangware,-1.286128,36.757728,2026-04-18,05:48,Medium
INC00870,medical_emergency,medical,Eastleigh,-1.280766,36.853435,2026-05-22,07:05,High
INC00871,medical_emergency,medical,Kasarani,-1.23771,36.898562,2026-05-02,14:17,High
INC00872,suspicious_activity,crime,Langata,-1.337164,36.763835,2026-04-22,18:14,Low
INC00873,flood,hazard,CBD,-1.28173,36.817284,2026-01-12,01:30,Low
INC00874,fire,hazard,Thika,-1.04804,37.088906,2026-07-27,22:52,Low
INC00875,flood,hazard,CBD,-1.290484,36.820153,2026-02-25,04:22,Low
INC00876,vandalism,crime,Githurai,-1.198842,36.908946,2026-02-11,22:29,Low
INC00877,fire,hazard,Kawangware,-1.278937,36.743699,2026-07-17,04:55,High
INC00878,burglary,crime,Kawangware,-1.285302,36.753815,2026-08-09,20:04,Medium
INC00879,flood,hazard,Donholm,-1.290078,36.888849,2026-07-12,08:44,Medium
INC00880,medical_emergency,medical,Kayole,-1.266355,36.922295,2026-08-14,10:47,High
INC00881,burglary,crime,Ruiru,-1.149693,36.947817,2026-01-29,12:23,Low
INC00882,accident,medical,Kayole,-1.265375,36.916773,2026-07-01,06:08,Low
INC00883,medical_emergency,medical,Githurai,-1.200937,36.909218,2026-08-12,22:13,Low
INC00884,accident,medical,Umoja,-1.294911,36.893456,2026-06-24,13:17,Low
INC00885,fire,hazard,Karen,-1.311892,36.715789,2026-07-01,17:43,Low
INC00886,robbery,crime,Ruiru,-1.157397,36.964959,2026-02-18,14:05,Low
INC00887,robbery,crime,Kayole,-1.271058,36.921927,2026-02-12,08:07,High
INC00888,vandalism,crime,CBD,-1.277766,36.816678,2026-04-17,21:34,Low
INC00889,vandalism,crime,CBD,-1.278964,36.811847,2026-02-18,02:01,High
INC00890,flood,hazard,Embakasi,-1.315079,36.890526,2026-05-29,10:41,Medium
INC00891,fire,hazard,Kawangware,-1.275034,36.74613,2026-03-19,18:08,Medium
INC00892,fire,hazard,Langata,-1.33809,36.754967,2026-04-06,09:49,Low
INC00893,medical_emergency,medical,Eastleigh,-1.278294,36.846646,2026-08-25,05:45,Low
INC00894,theft,crime,Westlands,-1.258625,36.812491,2026-03-02,03:02,Low
INC00895,theft,crime,Ruiru,-1.158306,36.953339,2026-02-22,17:45,Low
INC00896,fire,hazard,Ruiru,-1.152969,36.965409,2026-05-19,05:34,Low
INC00897,theft,crime,Githurai,-1.215914,36.90877,2026-04-28,10:09,High
INC00898,vandalism,crime,Embakasi,-1.308386,36.895475,2026-05-02,09:48,Low
INC00899,suspicious_activity,crime,Kawangware,-1.28342,36.740802,2026-06-26,03:46,Medium
INC00900,vandalism,crime,Karen,-1.311582,36.706719,2026-01-07,12:39,Low
INC00901,medical_emergency,medical,Kibera,-1.312771,36.787626,2026-06-14,06:37,Medium
INC00902,burglary,crime,Kasarani,-1.229091,36.903431,2026-01-22,17:54,Low
INC00903,assault,crime,Thika,-1.037898,37.097868,2026-05-06,10:38,High
INC00904,flood,hazard,Ruiru,-1.150447,36.954722,2026-02-07,22:54,Low
INC00905,suspicious_activity,crime,Ruiru,-1.147779,36.951314,2026-03-20,14:55,High
INC00906,fire,hazard,Ngong,-1.35544,36.662954,2026-03-15,05:51,Medium
INC00907,theft,crime,Ngong,-1.368278,36.649156,2026-08-02,18:38,Low
INC00908,robbery,crime,Embakasi,-1.320485,36.884132,2026-08-27,18:48,Medium
INC00909,flood,hazard,Umoja,-1.281795,36.901105,2026-02-14,17:29,Low
INC00910,flood,hazard,Eastleigh,-1.288155,36.859525,2026-03-16,17:31,Medium
INC00911,fire,hazard,Donholm,-1.30451,36.893824,2026-05-24,23:29,Low
INC00912,fire,hazard,Donholm,-1.291146,36.886343,2026-02-01,20:42,Low
INC00913,burglary,crime,Langata,-1.335113,36.753334,2026-01-31,08:31,Medium
INC00914,medical_emergency,medical,Githurai,-1.202282,36.913485,2026-04-22,08:40,Medium
INC00915,accident,medical,Ruiru,-1.142094,36.950257,2026-07-07,18:01,Low
INC00916,fire,hazard,Embakasi,-1.320852,36.885058,2026-08-13,22:08,Low
INC00917,burglary,crime,Ruiru,-1.146221,36.948537,2026-03-16,09:33,Low
INC00918,robbery,crime,Eastleigh,-1.282548,36.849324,2026-06-03,05:34,Medium
INC00919,vandalism,crime,Donholm,-1.30175,36.888688,2026-06-25,22:44,Low
INC00920,burglary,crime,Westlands,-1.27104,36.810698,2026-02-05,16:18,Low
INC00921,robbery,crime,Eastleigh,-1.284578,36.846768,2026-02-25,04:32,High
INC00922,flood,hazard,Karen,-1.312023,36.716268,2026-04-28,02:07,Low
INC00923,suspicious_activity,crime,Donholm,-1.289248,36.888462,2026-02-05,14:56,High
INC00924,vandalism,crime,Eastleigh,-1.286628,36.845574,2026-01-08,23:52,Medium
INC00925,vandalism,crime,Langata,-1.335378,36.760496,2026-02-02,06:08,Medium
INC00926,robbery,crime,Karen,-1.319775,36.701727,2026-01-05,15:48,Low
INC00927,fire,hazard,Kibera,-1.321975,36.785352,2026-01-31,08:02,Medium
INC00928,medical_emergency,medical,Karen,-1.3244,36.711212,2026-02-22,18:57,Low
INC00929,vandalism,crime,Westlands,-1.275289,36.811013,2026-05-29,11:22,Medium
INC00930,accident,medical,Langata,-1.338608,36.767265,2026-05-26,02:06,Medium
INC00931,vandalism,crime,Kasarani,-1.218528,36.891974,2026-02-13,17:00,Low
INC00932,suspicious_activity,crime,Githurai,-1.207207,36.913155,2026-06-28,18:11,Low
INC00933,flood,hazard,Ruiru,-1.154449,36.949257,2026-04-19,06:32,High
INC00934,fire,hazard,Karen,-1.318484,36.705025,2026-01-29,16:08,Low
INC00935,robbery,crime,Kibera,-1.315604,36.781139,2026-03-25,15:07,Medium
INC00936,assault,crime,Kawangware,-1.273301,36.748559,2026-05-22,13:18,High
INC00937,suspicious_activity,crime,Githurai,-1.206167,36.896103,2026-02-15,00:43,Low
INC00938,robbery,crime,Kayole,-1.271099,36.931551,2026-02-06,12:25,Medium
INC00939,robbery,crime,Eastleigh,-1.284995,36.859881,2026-04-04,06:21,Low
INC00940,flood,hazard,Langata,-1.339704,36.767319,2026-07-05,15:17,Medium
INC00941,suspicious_activity,crime,Thika,-1.030997,37.09875,2026-05-02,21:38,Medium
INC00942,fire,hazard,Westlands,-1.268713,36.805616,2026-01-28,03:16,High
INC00943,robbery,crime,CBD,-1.295035,36.820762,2026-07-08,01:53,High
INC00944,medical_emergency,medical,Thika,-1.043945,37.091465,2026-06-23,10:09,Medium
INC00945,fire,hazard,Githurai,-1.206042,36.904096,2026-02-21,09:42,Medium
INC00946,burglary,crime,CBD,-1.287398,36.824257,2026-04-21,03:24,Low
INC00947,burglary,crime,Kibera,-1.306093,36.778061,2026-02-15,17:42,Medium
INC00948,flood,hazard,Githurai,-1.208218,36.90928,2026-02-04,09:45,Medium
INC00949,accident,medical,Githurai,-1.206604,36.905245,2026-06-25,17:36,Low
INC00950,flood,hazard,Kibera,-1.303883,36.784339,2026-03-09,15:37,Low
INC00951,suspicious_activity,crime,Donholm,-1.308098,36.894739,2026-01-16,00:37,Low
INC00952,suspicious_activity,crime,CBD,-1.289497,36.814347,2026-04-08,03:27,Low
INC00953,assault,crime,Langata,-1.343149,36.770208,2026-03-02,20:19,Low
INC00954,robbery,crime,Donholm,-1.298232,36.878748,2026-03-28,05:01,Medium
INC00955,medical_emergency,medical,Ngong,-1.369592,36.654394,2026-05-12,13:17,Low
INC00956,flood,hazard,Embakasi,-1.316549,36.900167,2026-05-27,12:20,Low
INC00957,suspicious_activity,crime,Kasarani,-1.222702,36.896791,2026-05-08,16:51,Medium
INC00958,flood,hazard,Ruiru,-1.142053,36.962743,2026-02-21,15:40,Medium
INC00959,vandalism,crime,Kasarani,-1.218075,36.898041,2026-03-09,01:19,Low
INC00960,medical_emergency,medical,Kayole,-1.279533,36.923329,2026-01-25,18:21,Medium
INC00961,assault,crime,Ngong,-1.353525,36.655093,2026-03-30,02:41,Low
INC00962,assault,crime,Embakasi,-1.315501,36.893065,2026-04-17,12:16,Medium
INC00963,burglary,crime,Eastleigh,-1.271746,36.854537,2026-06-10,22:33,Low
INC00964,vandalism,crime,Kawangware,-1.276821,36.757055,2026-08-28,20:34,High
INC00965,accident,medical,Kibera,-1.320345,36.775009,2026-02-21,11:29,Medium
INC00966,flood,hazard,Donholm,-1.292396,36.879289,2026-04-16,10:55,Low
INC00967,vandalism,crime,Ngong,-1.366788,36.658737,2026-07-30,09:41,Low
INC00968,robbery,crime,Langata,-1.350088,36.768545,2026-02-08,06:01,Low
INC00969,flood,hazard,Ngong,-1.366813,36.647729,2026-06-15,01:12,Low
INC00970,accident,medical,Umoja,-1.295155,36.900449,2026-02-15,20:54,Medium
INC00971,robbery,crime,Kibera,-1.305957,36.790011,2026-03-22,19:19,Low
INC00972,robbery,crime,Ruiru,-1.156189,36.949239,2026-04-12,23:53,Medium
INC00973,accident,medical,Karen,-1.309769,36.702836,2026-06-20,18:49,High
INC00974,medical_emergency,medical,Langata,-1.338353,36.766745,2026-02-01,10:21,Medium
INC00975,flood,hazard,Langata,-1.351497,36.771398,2026-02-25,04:06,Low
INC00976,medical_emergency,medical,Umoja,-1.288506,36.904974,2026-01-15,15:34,Low
INC00977,fire,hazard,Ngong,-1.352411,36.663739,2026-06-24,07:17,Low
INC00978,vandalism,crime,Ruiru,-1.146884,36.963829,2026-01-06,20:57,Medium
INC00979,assault,crime,Kibera,-1.317115,36.79117,2026-03-06,17:24,Low
INC00980,accident,medical,Karen,-1.319552,36.697957,2026-08-10,07:54,High
INC00981,vandalism,crime,Umoja,-1.291792,36.903805,2026-01-24,07:19,High
INC00982,flood,hazard,Embakasi,-1.310671,36.900464,2026-07-22,01:17,High
INC00983,flood,hazard,Githurai,-1.207553,36.912371,2026-08-26,10:45,Low
INC00984,vandalism,crime,Eastleigh,-1.280583,36.857585,2026-05-10,02:22,Medium
INC00985,fire,hazard,Embakasi,-1.326958,36.896832,2026-06-27,00:48,Medium
INC00986,burglary,crime,Westlands,-1.272389,36.812516,2026-04-13,06:40,Low
INC00987,accident,medical,Langata,-1.352398,36.76388,2026-07-02,20:48,Low
INC00988,fire,hazard,Embakasi,-1.322786,36.897749,2026-05-03,23:08,Medium
INC00989,assault,crime,Donholm,-1.305362,36.895528,2026-01-22,13:23,High
INC00990,burglary,crime,Langata,-1.34276,36.756574,2026-01-06,17:41,Low
INC00991,assault,crime,Kawangware,-1.289625,36.748021,2026-03-09,22:54,Low
INC00992,theft,crime,Umoja,-1.277055,36.888347,2026-01-23,11:10,Medium
INC00993,fire,hazard,Ngong,-1.36763,36.659271,2026-07-31,21:31,Low
INC00994,vandalism,crime,Umoja,-1.293396,36.903127,2026-07-11,15:24,Medium
INC00995,assault,crime,Donholm,-1.293151,36.878575,2026-04-18,05:26,High
INC00996,medical_emergency,medical,Langata,-1.343342,36.764945,2026-04-26,07:23,Low
INC00997,theft,crime,Githurai,-1.208049,36.898244,2026-08-12,10:44,Low
INC00998,medical_emergency,medical,Ngong,-1.35886,36.646042,2026-03-07,02:06,High
INC00999,suspicious_activity,crime,Githurai,-1.204035,36.908965,2026-06-05,21:51,Low
INC01000,accident,medical,Umoja,-1.27645,36.899425,2026-06-08,12:19,Low
